Author,Title,Time,Content,Comment url
poeta (鍵盤詩人),[問題] 在中國電商買小米掃拖機 電源線的問題,Tue Jun  6 15:00:49 2023,六月可能會有一些促銷 我買掃拖機器人例如入門款的小米掃拖3c 就比台灣便宜1~2000然後想請問電源線的問題我以前買小米空氣清淨機 是去材料行 買這個米奇插頭就ok了https://i.imgur.com/1NDqRRc.png掃地機器人也是這樣嗎?我有看一些開箱文 都沒有特別去拍 所以怕轉接上會很麻煩https://i.imgur.com/gKTDjuy.png(這張影片截圖可能是買代理版 所以插頭跟台灣的一樣)影片出處 https://www.youtube.com/watch?v=oPHrhUix_MI&t,https://www.ptt.cc//bbs/e-shopping/M.1686034851.A.11B.html
ctr29 (CTR),Re: [問卷] #抽獎 電商平台限時特賣對衝動購物的影響,Mon Mar  6 23:03:12 2023,※ 引述《ctr29 (CTR)》之銘言：: 先感謝weifish版主的協助審核！: 各位版友好，我是國立高雄科技大學的研究生，目前正在進行「電商平台限時特賣活動: 對衝動購物的影響」之研究。: 問卷名稱：以SOR理論探討電商平台限時特賣之衝動購物行為意圖－以MOMO購物為例: 研究目的：探討使用者在電商平台的限時特賣活動中，是否會因為其他因素影響其衝: 動購買行為意圖。: 填答條件：有瀏覽或使用過MOMO購物之限時特賣者佳。: 其他聲明：本問卷僅供學術調查研究使用，不做其他用途，也不會公開您的個人資料，: 請您放心填寫，非常感謝您的參與，祝您萬事順心！: 問卷截止時間：有效問卷達360份，即關閉填答。: 問卷連結：https://bit.ly/3Wl6M3p: 回饋獎品：為了感謝您寶貴的意見，完整填寫完問卷者，將可參加本研究的抽獎活動: (亂填者及重覆填寫者將會被取消抽獎資格)，本研究提供獎品為「星巴克飲料券$135」: ，共計抽出10名幸運得主，以茲感謝，並以E-mail聯繫。: 研究單位：國立高雄科技大學 資訊管理系電子商務碩士班: 研究者：趙亞就: 聯絡方式：[email protected]感謝大家的填答，本問卷已抽出10位幸運兒，已寄送中獎通知信至得獎者信箱，謝謝抽獎影片：https://bit.ly/41PngVr中獎名單：kevinb****[email protected]juliac****[email protected]im****[email protected]s****[email protected]a09****[email protected]eg****[email protected]yu****[email protected]q****[email protected]che****[email protected]hate****[email protected],https://www.ptt.cc//bbs/e-shopping/M.1678114995.A.5F6.html
ctr29 (CTR),[問卷]#抽獎 電商平台限時特賣對衝動購物的影響,Thu Feb  2 16:39:43 2023,先感謝weifish版主的協助審核！各位版友好，我是國立高雄科技大學的研究生，目前正在進行「電商平台限時特賣活動對衝動購物的影響」之研究。問卷名稱：以SOR理論探討電商平台限時特賣之衝動購物行為意圖－以MOMO購物為例研究目的：探討使用者在電商平台的限時特賣活動中，是否會因為其他因素影響其衝動購買行為意圖。填答條件：有瀏覽或使用過MOMO購物之限時特賣者佳。其他聲明：本問卷僅供學術調查研究使用，不做其他用途，也不會公開您的個人資料，請您放心填寫，非常感謝您的參與，祝您萬事順心！問卷截止時間：有效問卷達360份，即關閉填答。問卷連結：https://bit.ly/3Wl6M3p回饋獎品：為了感謝您寶貴的意見，完整填寫完問卷者，將可參加本研究的抽獎活動(亂填者及重覆填寫者將會被取消抽獎資格)，本研究提供獎品為「星巴克飲料券$135」，共計抽出10名幸運得主，以茲感謝，並以E-mail聯繫。研究單位：國立高雄科技大學 資訊管理系電子商務碩士班研究者：趙亞就聯絡方式：[email protected],https://www.ptt.cc//bbs/e-shopping/M.1675327185.A.9E6.html
takaco (去哪裡找熱情??),[問題] 電商購物關稅預收 清關卻顯示業者代繳,Thu Jan 26 10:53:24 2023,年前在cettire購物結帳時已預收關稅一千多元今天卻在ezway看到清關資訊顯示「進口稅款已由快遞/報關業者代繳」春節期間DHL客服暫停中想請問有版友遇過這種情況嗎？實在很擔心又要被收一千多元,https://www.ptt.cc//bbs/e-shopping/M.1674701606.A.486.html
chk963258 (chk963258),[心得] 電商24S 初體驗-MaxMara羊毛大衣開箱,Tue Dec 20 18:02:13 2022,"★物品名稱：Max Mara Esturia coat☆賣家名稱：24S★拍賣網址：https://reurl.cc/6Le7jb☆網誌心得：無 單純文圖分享基於台灣近期都是暖冬的狀態,已經很多年沒買羊毛外套的慾望雙11.12處於工作大爆炸的情況下, 在某一天滑手機的時候被Max Mara實穿照給打到就覺得很需要安撫一下心靈 於是就下標了！！（想買東西什麼爛理由都可以曾經在專櫃摸過一次101801型號的外套, 當下覺得驚為天人,不論是版型材質還是價格都是一件十萬的外套嚇得我沒再踏進那間店過 ＸＤ後來發現其實MaxMara有較平價的副線產品 雖然不是羊絨材質,但是純羊毛的質感已經完勝我所有買過的日韓品牌外套！！不過如果是原價,我的理智線還是黏的很緊的～雖說副線是『較為平價』, 但是原價也大概在台幣5-7萬之間不死心的我在網路上瘋狂比價各大歐美電商網站, 最常買的Mytheresa是最便宜的但是所有尺寸都沒了 只剩下FR40左右的其餘的selfridges/ luisaviaroma 等電商都在5-7萬之間不等突然間發現了24S 竟然只要32000 (價值觀偏差）但是只剩下FR 34（IT36)這個尺碼 因為他們家衣服尺碼實在是太迷樣了我爬了一輪小紅書大概知道FR跟IT 應該是差了兩碼,跟我身高體重差不多的人大多買IT 36-38 ,但是不同型號差距很大就在我猶豫不決的時候 ,突然發現一個雙12折扣碼可以折到300歐元而且當天還是最後一天！！？？  於是就毫不猶豫直接下標了含關稅2萬元可以買到Maxmara還是覺得超值得以上廢話結束直接來上圖原po:166cm/體重48kg剛穿上的時候覺得袖子有點短好像少了一點慵懶鬆弛感https://i.imgur.com/DiEmUzp.jpghttps://i.imgur.com/Zl5mpDU.jpg但是回頭看了一下模特兒實穿照發現他穿起來比我更短 我就釋懷了 ＸＤhttps://i.imgur.com/Fq49B2A.jpg衣服本身版型很挺 從箱子裡拿出來沒有燙整就很平順這長度搭裙子也很適合因為露出來的部分很少 沒什麼穿搭問題https://i.imgur.com/KWAuxnZ.jpg搭配褲子就更俐落一點https://i.imgur.com/hlpHK1k.jpghttps://i.imgur.com/Cb3oQmX.jpg綁帶我是讓他自然垂放而已,沒有刻意綁他因為這種版型如果綁在前面很容易有浴袍感.....https://i.imgur.com/eVv93cn.jpghttps://i.imgur.com/gZz1N9K.jpg以上就是簡易開箱分享明年如果有特價想要再入一件不同版型淺色的（握拳",https://www.ptt.cc//bbs/e-shopping/M.1671530535.A.7CB.html
ya61708 (Capricorn),Re: [問卷] #抽獎 消費者對電商平台購買因素比較分析,Tue Dec  6 18:24:48 2022,感謝大家的填答，中獎名單已抽出，並已發送Email通知中獎者，還請查閱Email，再次謝謝大家！(Email已作隱私保護)現金1000元壹名lov******[email protected]7-11 100元禮券參名k61******[email protected]viv******[email protected]hsi******[email protected]-----Sent from JPTT on my iPhone,https://www.ptt.cc//bbs/e-shopping/M.1670322290.A.6F0.html
ya61708 (Capricorn),[問卷] #抽獎 消費者對電商平台購買因素比較分析,Wed Nov 30 20:34:03 2022,感謝weifish版主審核！(代po)各位版友好，我是明志科技大學的學生，目前正在進行「電商平台消費意願比較與分析」的問卷名稱：消費者對電商平台購買意願因素比較與分析：以電商平台蝦皮與momo購物網為例研究目的：此研究主要是了解消費者對電商平台的購買意願，以及影響之因素，進而透過比填答條件：有蝦皮與momo購物網雙平台購物經驗的消費者佳。問卷截止時間：12/3 23:59回饋： 現金1000元壹名、7-11 100元禮券參名抽獎時間：符合有效問卷者將於問卷結束後兩週抽出，屆時會以Email通知，並回文。填答說明：總共29題，莫約1-3分鐘，全題項依照個人主觀、直覺感受及喜好填答即可，請?研究單位：明志科技大學研究者：陳彥龍聯絡方式：[email protected]問卷連結：https://forms.gle/XyTMjyZZigGuZ81F6填完幫我留個done，非常感謝大家！-----Sent from JPTT on my iPhone,https://www.ptt.cc//bbs/e-shopping/M.1669811646.A.4E4.html
b8922brian (啾啾),［問卷］消費者電商使用行為研究 抽理膚寶水！,Sun Oct  2 19:37:56 2022,感謝weifish版主協助審核！問卷名稱：消費者網路購物行為研究研究目的：了解消費者在電商的購物行為與買保養品的考慮因素研究單位：國立台灣大學 工商管理學系指導教授：周教授研究人姓名：賴婕恩([email protected])問卷連結：https://www.surveycake.com/s/7gedv我們將在10/7抽出十位中獎者，送「理膚寶水溫泉舒緩噴液 50ml+B5全面修復霜40ml」10組，並以email聯繫此份問卷的資料都只會拿來課程報告使用，再麻煩大家幫忙!!----Sent from BePTT on my iPhone 13 Pro,https://www.ptt.cc//bbs/e-shopping/M.1664710678.A.7F6.html
baldding (一租),[問題] 日本衣飾電商網站推薦,Sat Aug 20 16:19:12 2022,"最近日幣真的太便宜，開始逛起了Zozotown，但因為以前主要是跟日貨連線為主，很少自己直接在日本的電商網站上購買，想請問大家除了Zozotown之外還有推薦的網站嗎？對比歐美網站大約是像Revolve, ASOS, Selfridges, FWRD..etc題外話，最近在看Gaala洋裝，一件180歐，不知道有沒有買過的版友能分享實品材質如何XDhttps://reurl.cc/vW7qzL先謝謝大家了～",https://www.ptt.cc//bbs/e-shopping/M.1660983555.A.7ED.html
shinninghsu (shinninghsu),[問卷] 抽7-11禮卷-直播電商之消費者行為研究,Wed Mar 16 12:34:30 2022,【感謝版主flerow允許於本版發佈問卷】問卷名稱：觀看直播電商之消費者行為研究研究目的：針對「曾觀看消費性直播並於直播中購物」的消費者進行調查填答條件：「曾觀看直播電商並於直播中購物」的人即可填答研究單位：國立中興大學科技管理研究所研究者姓名：何郁雯聯絡者姓名：何郁雯聯絡方式：[email protected]問卷截止日期：待有效問卷收齊後即關閉問卷連結：https://www.surveycake.com/s/7MO0B回饋獎品：7-11便利商店200元禮券(2位)［加碼抽獎］有效問卷達300份-7-11便利商店200元禮券(2位)有效問卷達400份-威秀電影票乙張(2位)有效問卷達500份-西堤牛排餐券乙張(2位)本問卷收集完畢後，將從「有效問卷」當中依照有效問卷數量級距標準抽出獎項，中獎者會以電子郵件方式通知，若3天後無回應將另行抽取遞補名額其他聲明：本問卷採匿名制，調查結果僅供學術研究之用，填答內容亦會進行保密，敬請安心填答。,https://www.ptt.cc//bbs/e-shopping/M.1647405272.A.C55.html
dadaha (dada),[問卷] 【抽現金1千元】電商廣告元素重視度探討問卷,Thu Feb 10 22:51:08 2022,【感謝版主 flerow 同意許可】各位版友好！我是國立臺灣科技大學設計研究所的學生，目前正在研究「電子商務平台使用者對橫幅式廣告元素重視度之探討」，誠摯邀請您用15分鐘填答問卷抽1000元現金。問卷名稱：電子商務平台使用者對橫幅式廣告元素重視度之探討研究目的：瞭解電子商務平台的使用者，在觀看橫幅式廣告時，對其中的廣告元素之重視程度。填答條件：無調查時間：預計即日起至2022/2/20(日) 晚上12:00 結束，若問卷人數達標將提早關閉問卷。其他聲明：此份問卷耗時約 10-15 分鐘，您的資料將僅作為研究所用，請放心填寫，謝謝！抽獎活動:請於問卷最後填寫Mail，將從有效問卷中隨機抽出中獎者。【獎項】1.1000現金 1名2.7-11 100元禮卷 4名【問卷連結】https://www.surveycake.com/s/9BR6r研究單位：國立臺灣科技大學設計系聯絡人姓名：羅愷利聯絡方式：[email protected]完成問卷請留言Done，謝謝。--Sent from nPTT on my iPhone,https://www.ptt.cc//bbs/e-shopping/M.1644504670.A.9CB.html
chk963258 (chk963258),[心得] Shin/mu/mytheresa電商心得,Tue Jan 18 21:44:22 2022,★物品名稱：COCO DEAL 琥珀扣V字混羊毛罩衫毛衣 (灰色）★顯瘦推薦！細壓紋柔軟毛料開衩裙★★霧色調刷色牛仔直筒褲★SALVATORE FERRAGAMO/ Viva leather ballet flats☆賣家名稱：shin/mumu&ke★拍賣網址：https://www.shinshop.com.tw/https://www.mumuandke.com.tw/https://www.mytheresa.com/☆網誌心得：無 單純圖文分享雖然折扣季買的東西還沒來假日有空趁嬰兒睡著的空檔分享一些已到貨的商品心得原Po：166cm 體重：47kg========進入正題========#COCO DEAL 琥珀扣V字混羊毛罩衫毛衣這件剛收到沒穿幾次就特價了（哭只能安慰自己早買早享受版型搭洋裝當外套或是裙裝當上衣都很好看材質柔軟 有含有點羊毛還算保暖https://i.imgur.com/PVYIRyG.jpg我習慣會把衣服稍微往後拉讓版型呈現前短後長的穿法修飾身形下半身搭上shin的毛料裙裙子的版型比我預期的寬鬆材質有點像厚一點的針織穿起來長度有點長 搭靴子感覺比較適合如果想要休閒感也可以搭球鞋https://i.imgur.com/BQwgp2o.jpghttps://i.imgur.com/Rc0mnhr.jpg第二件搭配在clothes轉售的cocodeal花裙這件之前想買沒下手後來就斷貨了！偶然發現有轉售立馬入手～穿起來超級飄逸 而且還算容易清洗話說第一次穿就被女兒吐了整件副食品直接丟到洗衣機洗 百褶還是很完美https://i.imgur.com/Lkoy2MH.jpghttps://i.imgur.com/7EcMUBK.jpg鞋子搭配SF的平底鞋之前在台灣的專櫃上看到就很喜歡但是和國外的價格落差實在太大了立馬放回去QQMytheresa雙十一購入大概只要台灣一半的價格楦頭是C楦 台灣的是D楦版型正常 我一般都買37.5號 這雙也是一樣如果是腳型偏寬的人 建議買大半號比較保險鞋子皮革本身是非常柔軟的小羊皮沒有新鞋的磨合期是精品鞋中難得好穿的 缺點是小羊皮很嬌嫩穿沒幾次鞋頭已經有小破皮https://i.imgur.com/Sht6DEe.jpg換搭shin的牛仔褲也可以https://i.imgur.com/sJt9pNW.jpg不過我個人比較常配短靴https://i.imgur.com/BRG9GkH.jpg這件牛仔褲是少數shin賣的褲子夠長的之前買都是8分褲...褲管折起來搭配也不錯看https://i.imgur.com/sOeuTS3.jpg後面的口袋蠻大的 對臀部修飾度不高https://i.imgur.com/2G9Ajcu.jpg寫完繼續坐等折扣季的包裹！以上簡單分享給版友參考,https://www.ptt.cc//bbs/e-shopping/M.1642513464.A.AD2.html
FTFish (FTF),[情報] 2022各電商聯名卡優惠,Wed Jan 12 12:31:28 2022,花了點時間整理今年各家電商聯名卡優惠，弄到有點眼花@@沒有全部活動都放，有些還好就沒放了如果有錯誤再麻煩大家補充~MOMO比較強大就是現在到年底前的限時5%無上限(原權益3%+限時再加2%)然後指定品牌加碼3%、5%，所以最高疊加是10%但要拿感覺要碰運氣，要看有沒有買到指定加碼的品牌不過通勤族用一卡通支付有2%現金回饋，算是不無小補一般非通路消費如果遇到加碼最高也有3%還不錯但要指定行動支付https://i.imgur.com/xW4H2W9.jpgPC直接上官網看發現優惠活動有點少，而且都很基本大概只能等每周四加碼，最高才有機會拿到6%要說優點可能是回饋的pi點還算好用，可以線下有合作的實體商店去折抵https://i.imgur.com/GEHyMX5.jpg蝦皮可能因為私人賣家多，賣場偏雜要拿到4%難度頗高，除了要滿額還要是官方商城才有如果要輕鬆拿應該要等品牌日或促銷檔期才有機會拿6%可以說是一張有點廢的聯名卡ＸＤＤＤhttps://i.imgur.com/uJzi2a1.jpg樂天10%基本上很難拿，等於要消費1萬才能拿到500點8%這邊比較有機會拿，最少能拿到2%https://i.imgur.com/GwSBuNT.jpgYAHOO去年底推出的新卡有點開turbo想賺一點卡量的感覺基本上拿卡刷就有蠻不錯的回饋，筆筆送3%如果是購衷心VIP會員還可多拿3%疊加最高可以拿6%再加一大坨指定支付額外筆筆加11%，所以喊疊加起最高17%OPEN錢包、FamiPay跟PX Pay都有包進來蠻佛的等於線上、線下都可賺然後一般消費有基本1%回饋無上限不過指定品5%也是碰運氣剛好遇到想買才拿得到https://i.imgur.com/qEuY1uF.jpghttps://i.imgur.com/VTaOeDm.jpg今年幾乎各家信用卡都縮水如果單比較電商站內消費，我個人會覺得YAHOO聯名卡的17%算是有誠意回饋高也又好拿，基本上在上面消費用聯名卡一定都比較划算不過畢竟各家電商賣的屬性類型不太一樣，還是要依個人需求去評估辦不辦身邊也是有朋友每家都辦XD我自己是有YAHOO跟MOMO,https://www.ptt.cc//bbs/e-shopping/M.1641961895.A.C20.html
kd48926 (混凝土),[問卷] 電商行銷研究,Thu Jan  6 17:01:05 2022,已詢問過版主 flerow 發文各位版友新年好我們是台大行銷顧問社的學員目前正在進行一個針對蝦皮進行的電商行銷研究想麻煩大家協助填寫問卷填答資格為：1. 年齡介於 25~50 歲間2. 一年內曾瀏覽過蝦皮 App 或網頁版蝦皮作答時間約 5~8 分鐘只要在 1/7(五) 23:59 前填答會抽出 3 位獲得各 200 元現金新年發大財 謝謝大家 祝大家事事順利https://forms.gle/AxUGMrxdZYX6zvAL9「已抽出得獎者」[email protected][email protected][email protected],https://www.ptt.cc//bbs/e-shopping/M.1641459667.A.379.html
jayin07 ( ⊙o⊙),"Fw: [分享] 年末&電商分享(Mr.Porter,Vestiaire)",Fri Dec 31 21:07:53 2021,繼上一次黑五心得 https://www.ptt.cc/bbs/e-shopping/M.1639054630.A.5BD.html再分享我一直有再回購的電商，還有今年買的一些荒謬的東西，哈哈哈運氣很好的在12/30最後一天營業日收到DHL，不用等到下禮拜才開箱～★物品名稱：(Loewe x Ken Price 洛杉磯系列牛仔褲)☆賣家名稱：Mr.Porter★拍賣網址：https://www.mrporter.com/en-tw/上禮拜各家電商開始價格大亂鬥了，馬上就上去搜尋https://i.imgur.com/GCoBAox.jpg 看到這件零碼Loewe牛仔短褲！剛好是我的size直接就拿下了，剛好跟外套湊一對！https://i.imgur.com/5i16JUs.jpg包裝很用心，雖然是衣物，但除了本身包裝之外、周圍也是鋪滿了緩衝材料https://i.imgur.com/1ic7oX5.jpg我填寫了字卡，照片上可能看不出來光澤和筆痕，但好像是手寫的字！滿意度UPhttps://i.imgur.com/sekix5N.jpg附贈替換的釦子，看起來是牛角釦，每個釦子上都有刻上Loewehttps://i.imgur.com/MD4oUH3.jpghttps://i.imgur.com/8nm6bPG.jpghttps://i.imgur.com/JFWznIT.jpg板上女孩子比較多，所以應該都是從Net-a-Porter購入物品，兩家都是當季新品兩個都同屬於一個集團(和黑五心得的YOOX也是同集團)，而男生的東西折扣一向較多～售價都是含關稅★物品名稱：1.Gucci 復古牛仔外套2.Balenciaga 2018ss 秀款皮衣3.Jil Sander 2016ss 秀款牛仔外套☆賣家名稱：Vestiaire Collective★拍賣網址：https://www.vestiairecollective.com/目前全球最大的二手交易平台，從這幾年通過融資之後也完善了很多功能而且也開始搭配購物節日做折扣了！譬如最近有類似2000美元以下10%off、400美元折扣50然後他們現在也開通了台灣業務，現在從台灣在上面賣東西是免運費開通這項服務後我有賣了兩件，下單之後他們會給你DHL的單號，自己再到DHL輸入請他們到府收或親送，最近也降低了抽成從20~25%變成15%今年對衣服比較有愛，我衣服本身就少，所以會想買一些單價較高的衣服，一來我會比較愛惜，二來因為自己會特別照顧的關係也能穿比較久。i)Gucci刺繡復古牛仔外套https://i.imgur.com/gPIEQBb.jpghttps://i.imgur.com/CTIKWHU.jpghttps://i.imgur.com/AcvxU6r.jpghttps://i.imgur.com/m3FUh0I.jpg 最喜歡的地方在它袖套內是有花樣的！捲起來很好看ii)Balenciaga秀款拼接皮衣https://i.imgur.com/GtirL38.jpg 2018年春夏秀場https://i.imgur.com/TM9dSqg.jpghttps://i.imgur.com/meV57Xg.jpghttps://i.imgur.com/PhrSjA9.jpg後面那塊拼接應該是可以拆掉，摸了摸後面應該是整張皮，這塊布應該只是縫上去的https://i.imgur.com/iUJXilm.jpghttps://i.imgur.com/pwRfwcn.jpghttps://i.imgur.com/N6wOO7x.jpghttps://i.imgur.com/SgPejnY.jpghttps://i.imgur.com/Nd9w3f8.jpghttps://i.imgur.com/byqwMTD.jpg 五金都是做舊處理，不怕刮到https://i.imgur.com/2vRoxSE.jpg 還有配件可以替換iii)Jil Sander牛仔外套https://i.imgur.com/Ox2Mofv.jpg 它也是來自於Jil Sander的成衣秀場(2016)https://i.imgur.com/dlTmh6H.jpg Jil Sander也是有這麼外放的設計https://i.imgur.com/w9lfuyp.jpghttps://i.imgur.com/jULZXzE.jpg 釦子的細節也很棒現在VC在包裝上也是越來越進步，如果賣家的東西沒有原始包裝他們也會提供防塵袋做包裝https://i.imgur.com/clZiVcl.jpg但好像單價較高的物品才會附贈，有預收關稅另外建議升級成白金會員，可以享一個月一單免運費，不然運費挺嚇人的歐洲到台灣運費是35歐元起步，而且還要併入關稅計算最後再來安利一下Jacquemus的頸掛零錢包(le pitchou round coin purse)https://i.imgur.com/MrRdCa0.jpg跟上一篇板友提到得一樣，真的是被女性友人搶去背背看了XD還要我幫她買一個，遇到10個小姐姐有7個都稱讚粗略分享一下，大家新年快樂,https://www.ptt.cc//bbs/e-shopping/M.1640956074.A.202.html
jayin07 ( ⊙o⊙),"[心得] 電商黑五心得 (YOOX,Cettire,Mytheresa)",Thu Dec  9 20:57:04 2021,1.★物品名稱：Loewe x Ken Price洛杉磯系列牛仔外套☆賣家名稱：Mytheresa★拍賣網址：https://www.mytheresa.com/en-tw/men.html沒甚麼好講的電商，服務品質很不錯，也常在台灣被提起https://i.imgur.com/YAG2Hn6.png 搭上11月底的折上7折+免運費活動11/25下單 27號出貨 DHL到台灣大約三天去年就很喜歡的Ken Price系列，原本想買這件https://i.imgur.com/B9iFBqI.jpghttps://i.imgur.com/PMKZXp8.jpg但看到實體後，那個胸前的皮標太高調我真的不行.......https://i.imgur.com/mlbrlfA.jpghttps://i.imgur.com/ZQs5kIM.jpghttps://i.imgur.com/fPytU5X.jpg 頸後還有低調的小刺繡https://i.imgur.com/5c9PsKI.jpg完稅後大約$13500左右入手尺寸為IT48(M號)版型oversized，而且蓋過臀部有點接近大衣(coat)了https://i.imgur.com/4Gzuib8.jpg 身高175，天冷裡面塞件刷毛的衛衣或帽T沒問題以往的經驗是他們1月還會有一波折上折，目前這件還有XS/S/M號在架上。優點： 出貨快、包裝很有高級感、所有的單據都會用紙本文件夾附贈給你、我這次是選環保包裝，所以只有包裝紙，但如果選用禮盒(不加價)，他們會給你一盒最起碼40*40cm的磁吸式紙盒！！缺點：硬要說的話就是沒有預收關稅 XD，但很多預收關稅的電商我仔細算下來都會超收一點錢2.★物品名稱：Jacquemus La Pichou 零錢包☆賣家名稱：Cettire★拍賣網址：https://www.cettire.com/https://i.imgur.com/ejr6y3M.jpg最近對他們的衣服非常有興趣，但先看到了這個零錢包Le pitchou價格實在太好了，加上運費也才100美金出頭，而且我最近在找卡夾，出門有時候就不想帶包，但東西全放在口袋裡又覺得很醜https://i.imgur.com/kWeoM2w.jpghttps://i.imgur.com/SuVwMli.jpghttps://i.imgur.com/Rg2Xyei.jpg 充當卡夾https://i.imgur.com/3oIHQwa.jpg用外套對比(M號)其實不算小，頸鍊長度可以調整嬌小的女孩子甚至可以拿來當小廢包側背使用優點：價格定價普遍較低、200美金就可以免運、有時候翻一翻會有驚喜的價格同時間我還看到Loewe工裝外套折扣後才600美金出頭、預收關稅很省心缺點：包裝較為簡陋3.★物品名稱：Maison Margiela 塗鴉羊皮腰包☆賣家名稱：YOOX★拍賣網址：https://www.yoox.com/tw/menhttps://i.imgur.com/ilVSr9F.jpg也是我很有興趣的服裝品牌之一，只是我的尺寸打折扣後都賣完了～想說還想要一個腰包就買吧～這網站也就是net-a-porter集團的其中一個，這網站大多數是販售過季1~2年以前的庫存像這個腰包我看了一下大約是2019年的限量款式，當初的訂價是950歐元https://i.imgur.com/vEiOQ0X.jpg 羊皮材質摸起來就是柔軟～https://i.imgur.com/WOiqeKA.jpghttps://i.imgur.com/n96fXiH.jpghttps://i.imgur.com/R0wb9S7.jpghttps://i.imgur.com/WsipSGT.jpghttps://i.imgur.com/mAgyCCX.jpg 標誌性的外露縫線https://i.imgur.com/YKeD0Rt.jpg 內裡是聚脂纖維，外加一個夾層優點：價格真的很殺，250美金就可以免運，我原本有多選一條Maison Margiela的牛仔褲，但結帳好像是剛好賣完了，沒有被算進去 QQ但是我的物品送達之後，它有送我未來十次訂單免運費。https://i.imgur.com/v43gVaY.jpg 但只到年底，好像有跟沒有差不多，哈哈缺點：運送時間會稍微長一些，他們服務亞洲區都會先集中在香港的倉庫所以他們會從義大利先寄到香港，再從香港發出，我在第四天見我訂單沒反應之後嘗試問了客服，一天內就回復了，告訴我說我的物品在前一天已經抵達了香港倉庫即將寄出。包裝稍嫌不上心，因為就只有一個箱子直接以原廠防塵袋包裝，沒有氣泡棉之類的緩衝，如果是配件或硬挺的皮具有可能被碰撞到一般來說我在黑五比較不會買，因為價格到了1月才會是打到骨折的那種，不過就不一定有比較熱門的款式了～後面兩個我看是比較少人在購買的電商，大家可以參考看看,https://www.ptt.cc//bbs/e-shopping/M.1639054630.A.5BD.html
wrongname (Mibo),[挑選] 網購甜點電商選擇,Sun Dec  5 22:13:05 2021,★挑色/挑尺寸/挑款式: 聖誕節味道濃厚的甜點（法式甜點、派塔類、肉桂捲、不要杯子蛋糕）☆個人資料簡述: 小妹公司要辦聖誕節Happy hour 苦惱中，一人一份的小甜點最好★挑選需求: （盡量）能多店家併單一次送，訂購份量約15份～30份，預算一個人400元以內（甜點+飲料）選手1號★物品連結: 卡個位 https://www.cutaway.com.tw☆猶豫不決: 蠻有名的甜點店在上面有合作。不同店家結帳不能併單。但有代購服務，所以能不能一起送？選手2號★物品連結: 甜點控 https://www.tientien.com.tw/☆猶豫不決: 肉桂捲和小派塔店家比較多。一下店家顯示甜點控，一下顯示甜點控市集，到底是要怎麼併單？選手3號★物品連結: 自由食間 https://www.freezone.com.tw/pre-orders☆猶豫不決: 也有知名甜點店。公司旁邊有無人販賣機，不同店家宅配不能併單，選冰箱取貨好像可以併單？結帳有點亂看不懂啊選手4號★物品連結: Pinkoi https://www.pinkoi.com/☆猶豫不決: 不能併單，可是甜點店也爆炸多。我只買過手作品。要選就要只選一家，有人有推薦的店嗎？跪求大家給點建議了,https://www.ptt.cc//bbs/e-shopping/M.1638713587.A.BB2.html
lady123 (蜂蜜小姐),[問題] 感恩節有推薦的外國電商嗎,Fri Nov 26 12:53:32 2021,請問，感恩節有推薦的外國電商嗎？目前只知道https://www.shoes.comhttps://www.lookfantastic.com想買包包、衣服、鞋子XDD請問有推薦的網路電商嗎？謝謝大家 如果有違反版規我再刪除,https://www.ptt.cc//bbs/e-shopping/M.1637902414.A.142.html
oohailey (嗨力),[閒聊] 電商發來的簡訊,Tue Nov 16 11:17:13 2021,應該算es有關吧～現在網購都要辦會員留資料想問大家有沒有收到過內容特別的（假？）提醒真廣告簡訊？XD雖然時不時會收到，但這雙十一期間特別多，想知道有沒有人收到比較特別的？常見的是防詐騙順便刷存在感，例如本公司不會透過電話核對購物資訊不要理會等再來是收到衣服賣場，突然通知某件衣服因品管不良感到抱歉，附上50元折價券（我心裡想說這件衣服兩年來我穿得很好啊哪裡不良），後來也沒有因為要花50元折價券硬買 ：p大家有特別的簡訊嗎～～-----Sent from JPTT on my iPhone,https://www.ptt.cc//bbs/e-shopping/M.1637032635.A.394.html
jason1228618 (jason1228618),[問卷] 填問卷喝星巴克 直播電商對消費者購買意,Fri Nov 12 09:41:39 2021,大家好我是成大企業管理研究所的學生目前正在進行直播電商的研究麻煩有看過直播帶貨經驗的朋友幫忙填寫一下問卷填寫時間約5分鐘論文題目：以替代學習、網路口碑探討直播主進行產品試穿對購買意願之影響發起人：黃俊東指導教授：蔡惠婷 博士問卷網址：https://www.surveycake.com/s/R4xpZ截止時間：11/21「注意」：填答時間過短、重複填答、亂填會被系統過濾這次的獎品是星巴克150元兌換卷抽獎方式則是每15份有效問卷中就會抽出1位中獎者因此中獎機率很高！趕快幫我點進去填寫吧～謝謝大家,https://www.ptt.cc//bbs/e-shopping/M.1636681301.A.D60.html
soronirs (Caruru),[新聞] 雙11網購夯 新北媒合農漁電商平台,Fri Nov 11 17:37:06 2022,新聞標題： 雙11網購夯 新北媒合農漁電商平台新聞內容：11月11日是網路購物及電商平台重大節日，新北市農業局與台灣好農電商平台合作，共同舉辦新北農友電商媒合說明會，輔導新北農漁友經營電商銷售，讓民眾在家能輕鬆採購到新北優質農漁產品。近年因全球COVID-19疫情肆虐，2020年和2021年電商零售額年增率分別為26.68%及22.09%，各大品牌紛紛投入電商，農業局在疫情期間也推出「美味農業得來速」，與各農漁會夥伴、青農合作，推廣電商、團購及新媒體直播拍賣，促進農漁業產銷方式也走進新時代。新北市農業局在今天結合網路購物節與台灣好農，舉辦農友電商平台媒合說明會，廣邀新北各地農漁友參加，於會中介紹電商趨勢、分享電商經營實務經驗，讓農漁友能對電商平台經營更有具體瞭解。台灣好農董事長江衍宏表示，今日針對新北農友推出優惠一站式上架方案，農友開店自付額費用將用於投放等值Google廣告宣傳曝光，在雙11節慶期間（即日起至11月14日）平台也推出滿千送百，大家在活動期間可用優惠的價格買到東成茶葉、鮮物本舖等新北優質農漁產品。農業局長李玟表示，新北市持續推動農漁產品品牌化，並積極為農漁友拓展銷售通路。台灣好農是國內知名的電商平台，此次通路媒合未來將打造新北市農漁產品在電商平台上品牌，並積極拓展國內以及外銷市場。台灣好農新北嚴選專區：https://reurl.cc/de2xAM新聞連結：https://udn.com/news/story/7266/6758066心得：我好想吃螃蟹...年紀到了一定程度後，雙11瘋搶的勁頭也過去了今年也就買了一張電競椅然後去買了一點食材，覺得也是滿爽的等收到之後可以料理一頓，大概是老了XDD,https://www.ptt.cc//bbs/WomenTalk/M.1668159429.A.CF3.html
keuffry33 (可可亞可可),[閒聊] 周年慶 pk 國外電商,Mon Oct 17 11:31:34 2022,在DM還很流行的年代，百貨公司周年慶絕對是我大爆買的血拚周，約快樂夥伴們一起殺進殺去，幾組幾組帶，跟櫃姐圍在旁邊精打細算贈品跟回饋，研究要刷哪一張卡，但隨著疫情改變消費模式，這一兩年我開始接觸國外電商，發現跟台灣價差真的太大了，雖然櫃上服務很好，但偶爾還是會手滑網購，買一些小東西哈哈哈，問了身邊的朋友跟同事，十個裡面有八個幾乎都在網路上解決，不得不感嘆時代的變遷阿~,https://www.ptt.cc//bbs/WomenTalk/M.1665977496.A.63A.html
tina1 (象魂),[閒聊] 大家心目中電商平台霸主是哪家~,Sat Jan  8 14:45:50 2022,以前我最用的是pchome(覺得24小時太快太方便)結果我現在最常用momo跟蝦皮要找品牌的東西我會用momo 避免買到假貨但要找小東西挖寶連衣服我都看蝦皮的看路上蝦皮店到店越來越多家有種覺得蝦皮是不是要稱霸了的錯覺XD大家現在最常用的電商平台是哪家阿?覺得現在哪家是電商介的新霸主XDD,https://www.ptt.cc//bbs/WomenTalk/M.1641624352.A.948.html
aaaRengar (快被毆z奧笑死幫QQ),[討論] 各位女孩上次在電商「逛街」是什麼時候？,Sun Dec 26 23:44:35 2021,是這樣der單純想請教各位女孩兒近期：「沒有明確想買某個東西，但跑到電商購物網上『亂逛、亂晃』，看看有什麼可以買」的這一「逛街」行為，是幾天前還是幾週前發生的事、大約頻率為何？還是根本沒有發生，而是有需求才去消費、購買呢？0.0我知道板上有許多夾小妹，夾小妹想分享的話，請附註一下主要想知道男生女生在購物上的思緒差異謝謝各位><Ps.敏銳的各位女孩兒，那你們覺得周遭的男生會嗎？,https://www.ptt.cc//bbs/WomenTalk/M.1640533477.A.972.html
GraceMa (我喜歡騎馬),[閒聊] 會在國外電商買什麼特價品嗎,Thu Nov  4 20:18:33 2021,女口是頁國外的打折根本打到骨折能成功買到真的超高興的尤其最近快黑五和雙11了我最近就買到一個原價550美金的大牌保養品特價75美好開心啊成就感爆棚啊總而言之女孩兒們會去國外電商逛逛嗎？會買什麼東西呢？我也要上車XD,https://www.ptt.cc//bbs/WomenTalk/M.1636028315.A.621.html
liner1989 (liner),[問題] 女孩身邊做微電商的朋友該如何面對,Sun Jul 11 19:40:00 2021,疫情當道很多人的工作都受到影響，各位身邊應該也會出現一些人開始找兼職貼補一下現在最夯的當美食外送無愧，但還有另外一種賣保健食品的號稱下班在家就能兼差帶貨的新興行業開玩笑的，直銷傳銷微商其實就是換湯不換藥，專賣宣傳一堆效果的「保健食品」那種曖昧不清產品的通路用吃的膠原蛋白可以減肥的去油丸吃吃就會變白的美白丸https://i.imgur.com/z9fycmn.jpg不是你修圖修到地板顏色都不一樣了要我怎麼吐槽啊！疫情期間我能明白大家手頭緊各自找外快，但這個太假真的挺不下去，無法但是這個朋友除了搞什麼微商外人並不壞，要怎麼跟她相處呢好煩...-----Sent from JPTT on my iPhone,https://www.ptt.cc//bbs/WomenTalk/M.1626003602.A.C59.html
soulboy330 (stay the course),[閒聊] 電商是不是很需要競爭？,Fri Jun 11 19:14:25 2021,如題記得以前台灣電商 沒屋頂拍賣什麼的好像很常有那種盜個資詐騙然後當時網購也沒有什麼折扣結果這幾年感覺對岸電商是不是很競爭讓台灣一些廠商有壓力連台灣都有什麼光棍節 女王節連最近我要上網買手機還有什麼618電商折扣活動一堆折扣跟節日特價都不知道哪裡來的這好像是以前的年代很難想像的,https://www.ptt.cc//bbs/WomenTalk/M.1623410067.A.C78.html
gigihadid (GG),[閒聊] 我這個經歷找電商工作是不是有難度,Fri May 28 22:55:05 2021,本身是旅遊業近期因為疫情又爆發公司資遣了不少人公司也直接表明可能之後發不出薪水因此也蠻多人自己就提了離職目前有嘗試轉換跑道的想畢竟依靠公司本身業務的行政職好像都沒辦法面對這種疫情的風險想說大家都是在家防疫不能出門肯定都是在家網購下單、外送叫起來電商應該會是比較穩妥的產業也蠻看好未來發展的所以前陣子開始上人力銀行投履歷基本上是投採購或是行銷https://i.imgur.com/NLDIEjz.jpg我個人目前工作經歷：業務助理一年（旅遊業）行政人員半年左右（旅遊業）基本上查到的很多職缺都要求經驗老實說我自己確實沒有什麼跟電商有關聯的地方是不是我這個經歷找電商相關真的有難度......,https://www.ptt.cc//bbs/WomenTalk/M.1622213707.A.804.html
happysewing (SAYAH),Re: [問題] 有新手媽媽在兼差的嗎?東森電商如何?,Tue Apr 20 11:36:48 2021,"無聊隨手查了一下原PO說自己是新手媽媽，慢慢開始習慣帶小孩但你2016/10/22的時候正在煩惱要不要讓小朋友去補習班餒[寶寶] 親子共學的重要性https://www.pttweb.cc/bbs/BabyMother/M.1477139366.A.F9C另外原PO其實3年前就已經加入雅芳直銷了[分享] 加入雅芳(重po)https://www.pttweb.cc/bbs/DirectSales/M.1496213298.A.945你說本身有經營代購社團，已經有累積經驗跟人脈了那怎麼現在還在考慮加入東森直銷是因為做雅芳做得不順利嗎如果是這樣勸原PO好好再考慮一下要不要再踏入直銷這一塊吧我身邊有親戚碰直銷把自己的風評搞得天怒人怨你老公現在財務有問題，你再加入直銷通常還得再先付一筆錢還是先跟老公好好談過吧不過前提是你不是業配就是了(攤手)※ 引述《meuzi (卡哇伊)》之銘言：: 最近小孩已經兩歲多了: 慢慢也習慣帶小孩的節奏了: 想開始去兼差幫老公一下: 他最近業績不太好,收入不穩..: 有想過ubereats外送: 但老公覺得有點危險: 而且也不能一直把小孩放爸媽家: 我倒是在以前在台南騎車很習慣了..不覺得危險: 也想過去賣保險: 但要考一堆證照就是: 後來姐姐問我要不要跟他一起做東森電商: 姐是說 可以先從實習店主開始 不用錢: 只是讓朋友透過推薦碼去買東西就可以分潤: 過程不複雜有點想試試看: 有新手媽媽或者女孩們有在做類似的或者uber這種的兼職嗎？",https://www.ptt.cc//bbs/WomenTalk/M.1618889811.A.397.html
pauljet (拜登哥不要),[問題] 哪家信用卡不外加境外電商手續費？,Fri Feb 19 17:42:10 2021,可能是沒有吧但是還是想問一下最近google play 買太多課金game有沒有信用卡不外加境外電商手續費？沒有的話就算了,https://www.ptt.cc//bbs/WomenTalk/M.1613727732.A.E6A.html
djashin2002 (大慧),[討論]有人懂電商嗎？自架跟模組怎麼,Sat Nov 14 23:02:21 2020,請問有人懂電商的嗎？我目前在某p牌有自己的品牌做銷售之後預計用個電商平台還在猶豫wordpress 或是 easystore便宜版但怎麼選好呢？不知道有沒有人可以建議，謝謝,https://www.ptt.cc//bbs/WomenTalk/M.1605366143.A.5A1.html
chanel0605 (),[問題] 昨天省錢板有一個電商歷史價格,Thu Nov 12 18:02:16 2020,https://www.ptt.cc/bbs/Lifeismoney/M.1605099936.A.EC8.html這篇有一個電商歷史價格查詢原來我們很多時候買的都不是最低價但我這次還是買了不少(掩面有人知道這個網站嗎還蠻厲害的只能說服自己都是為了額外折扣買的,https://www.ptt.cc//bbs/WomenTalk/M.1605175338.A.2D3.html
voncroy (niflheim一律打趴武力放),[討論] 為什麼電商APP都要設計成橘紅/紅色系？,Sun Sep 13 01:54:37 2020,https://i.imgur.com/naLHmK4.jpg偶爾改特別版 也是改成深紅/紅紫白底橘 白底紅這是什麼色彩心理學嗎？是為了讓人聯想到水果牽動自己原始採集生活的蒐集欲嗎？睡前廢文好懶得洗澡刷牙啊啊啊啊,https://www.ptt.cc//bbs/WomenTalk/M.1599933279.A.52E.html
tt321 (ztt),[心情] 電商平台自動監測對話內容,Tue May  2 10:45:15 2017,先說，雖然我誤觸過平台的規範內容http://i.imgur.com/fsi6gkj.jpg目前已經修改掉了可能會被認定為「引導離開交易平台」的資訊像是pchome，line，fb連結等然而，這裡想跟女孩們討論的是平台自動監測所謂「引導買家離開交易平台」之對話內容的合理性我前後總共收過三次警告第二次以前已經全部移除賣場可見的公開資訊，包刮賣場介紹，商品介紹，或是圖片資訊等等，除了fb的粉絲頁訊息還放在聊聊自動回覆結果，還是收到第三次警告（如4/28附圖+加重警告T_T）http://i.imgur.com/ZQPO533.jpg然後，我就直接去詢問蝦皮客服想請問是否有什麼誤會客服回覆：與顧客的聊聊內容也在監測範圍當下瞭然，原來對話內容也會被監測T_T（ps可是過去放fb資訊都沒事啊？）在我的認知中，人們的隱私權是受憲法保護的，所以感覺有點不太對理性討論：不是來討拍（除了被警告外也沒被怎樣XD），也不是檢討平台好不好用什麼的，純粹就事件本質進行討論若是電商本身服務內容，是提供買賣雙方一個交易的平台與加值服務，也有收取交易手續費。所以，我們使用其平台，那麼是等同於我們就必須同意其監測（侵犯）商家與顧客之間的談話隱私嗎？還是其實是我誤會了，平台「只是自動監測對話內容，並非侵犯隱私那麼嚴重」如果是這樣，再詢問有法律專業的女孩們這部分是不是也曝露出臺灣在電商相關法律的不足呢？現行法律有相關與「可能對買賣家隱私保護與不受監控的規範」的法律保障在嗎？謝謝大家，歡迎一起討論:),https://www.ptt.cc//bbs/WomenTalk/M.1493693117.A.57F.html
hkbornguy (小光頭),[冷氣] 找電商或實體店家買？,Wed Aug 10 23:33:31 2022,本文僅限提出問題讓大家提供意見討論非徵求報價文、心得或抱怨文，徵求報價文將直接刪除不通知，心得或抱怨文請另選其他發文選項。若有廠商開立報價單需諮詢，可用本文，但請使用內建發文格式，資料須填齊。徵求冷氣推薦請先自行作功課，勿當伸手文。是否已閱讀上述說明:是(未回答是或直接刪除上述六行任一文字一犯水桶七日、二犯水桶十四日)以上文字請置頂，內文請寫在下方，勿將上述說明往下排放。下述選項可自行選用或刪除目前租屋，主臥室和客廳裝的是20年以上的分離式一對二老日立冷氣。主臥室約5坪大，高3米，面南（算有西曬），家在2樓（公寓共7層），有很大的陽台，裝兩台以上室外機不成問題。最近因為主臥室冷氣不冷又耗電（4/27-6/27電費6500多...），而且還會滴水，預計自費把主臥室冷氣換成分離式一對一，但保留原本客廳的冷氣（因為客廳冷氣較少使用，而且還算會冷）。（房東表示將來退租後再討論折價買下或是我們拆走。）目前已決定型號是Panasonic RX系列3.6kW的變頻冷暖。MOMO上賣37900，若考慮退稅和MOMO卡5%回饋，實際上約34000（僅含基本安裝）。另外看了家附近一家Google Maps上94個評價平均4.8的Panasonic經銷商（評價主要是稱讚冷氣施工好、價格公道），但同機型報價42200，若考慮退稅和信用卡回饋1.3%，實際上約39700元（亦僅含基本安裝）。兩個管道，實體店面貴了近6000元。不過爬文和做功課看到很多人建議冷氣找家附近實體店面施工，將來有問題的話比較找得到人；也看到一些電商買冷氣但遇到雷包廠商的慘痛施工經驗。想請問各位板友認為將近6000的差價，值得賭一下電商冷氣的施工水準嗎？有什麼應該考量的點？另外，已知跟MOMO買的話，施工廠商的LINE顯示名稱是「依璉」。請問有板友給這家廠商裝過冷氣嗎？心得如何？謝謝。,https://www.ptt.cc//bbs/E-appliance/M.1660145613.A.B11.html
lpsky (),[冷氣] 大公司電商通路跟水電行的價差,Tue Jun 22 17:45:41 2021,本文僅限提出問題讓大家提供意見討論非徵求報價文、心得或抱怨文，徵求報價文將直接刪除不通知，心得或抱怨文請另選其他發文選項。若有廠商開立報價單需諮詢，可用本文，但請使用內建發文格式，資料須填齊。徵求冷氣推薦請先自行作功課，勿當伸手文。是否已閱讀上述說明: 是(未回答是或直接刪除上述六行任一文字一犯水桶七日、二犯水桶十四日)以上文字請置頂，內文請寫在下方，勿將上述說明往下排放。下述選項可自行選用或刪除－－－－－－－－－－－－－－－－－－－－－－－－－－－－－－－－－－－－－－－(請自行作功課至少寫出兩樣產品(需有型號)供他人討論，伸手文會直接刪文)5.現況簡述：最近看了國際牌的CS-RX36GA2/CU-RX36GHA2 在特力屋看到的報價是38XXX然後去問小水電行冷氣只報33XXX，先不管安裝費，光冷氣主機有可能差到5000塊嗎？當然買大通路的可以不用怕他倒，但是價差到5000我覺得有點多，還是說冷氣主機少的價格小水電行會從安裝費上面賺回來，哈哈 (這是有開發票的價格)想請問有沒有版友有相關經驗，感激不盡！－－－－－－－－－－－－－－－－－－－－－－－－－－－－－－－－－－－－－－－註：填寫清楚才能給適當建議。例如有西曬問題卻沒提出來，建議的冷氣就會不夠用囉~,https://www.ptt.cc//bbs/E-appliance/M.1624355143.A.801.html
diva1002 (蛋黃酥),[情報] 全台家樂福9/20-9/22家電商品大出清,Fri Sep 20 17:13:19 2019,https://i.imgur.com/k63vrvv.jpg9/20-9/22 全台家樂福家電展示品出清下殺6折起各分店的出清品不太一樣 問小編說要洽各分店才會知道有哪些估計比較熱門的東西第一天就會被掃得差不多了,https://www.ptt.cc//bbs/E-appliance/M.1568970801.A.2EF.html
TaiwanRanger (Just a ranger),Re: [問題] 在電商平台買分離式冷氣的物流問題,Sun Jul  2 00:54:22 2017,"前一篇重點在問問題, 所以沒有說明過程, 今天在這裏說明, 提供鄉民們參考。家中有一間目前沒有冷氣的雅房要出租, 有房客想租但要求冷氣要先裝好，因為有特殊裝潢，所以也需要找特定的工班來裝。我在6/24日傍晚在Yahoo購物中心下單購買東元分離式冷氣(不含安裝的福利品)網頁雖有註明需另訂出貨日，但稍晚Yahoo 的系統發出付款成功通知, 並註明""預計最晚 2017/6/26 23:59 前完成出貨"" (http://imgur.com/a/8VqQC)6/26日上班日一整天並沒有收到其他更正的通知，就放心地向租客承諾7/1可入住有冷氣的雅房，並約好了工班在星期四(6/29)來安裝。6/26 10:00PM Yahoo系統又發來一封信說""廠商通知我們已經與收件人約好在07月12日 完成出貨""，我在6/27 9:00AM才看到, 立刻在系統回覆那並非事實。(http://imgur.com/a/ScXKO)6/27 下午約2:00PM，東元電機客服打電話來告知他們的物流時間需要接單後7-10個工作天，一番來回後，我說我願意上門自取，東元同意。但是, Yahoo客服一直力勸我不要自取，Yahoo會盡力幫我爭取在7/1前送達，我就讓Yahoo去斡旋。6/29 早上，東元電機客服打電話來說會安排急件出貨，可能在6/30最晚7/1送達，幾個小時後Yahoo 客服也打電話來說會幫我盯著東元的出貨進度。(http://imgur.com/a/wbjXM)7/1 一整天 , 一如預期地，什麼貨也沒看到，什麼通知也沒收到，東元電機的客服今天不上班沒人接電話，在Yahoo的系統裏發問也只得到""關於您的問題我們非常重視，目前已為您詢問相關人員""，之後就沒下文了。請問各位，作為一位消費者, 我在這個過程中有什麼地方沒處理好或者要求太過分嗎?※ 引述《TaiwanRanger (Just a ranger)》之銘言：: 小弟在Y公司的""購物中心""購買不含安裝的分離式冷氣，該司的供應商片面告知: 須七至十個工作天才能到貨(南台灣)，我詢問是否可以請其他物流公司上門取: 貨再運送給我(我願意自負運費)，該司的客服答稱一般物流公司不收大家電，: 此計不可行。: 我想請問：: 有人在同等級的電商平台買過同級的家電嗎(冷氣、冰箱、洗衣機)? 物流時間: 真的要佔掉7~10個工作天(以雲嘉南為例)?: 一般物流公司(嘉X大X、新X貨運...)不收剛出廠包裝完整的大家電嗎? 各位先進: 知道有哪些物流公司願意運送呢?: 已經火大到想吉Y司了, 懇請鄉民們幫忙，感謝!!",https://www.ptt.cc//bbs/E-appliance/M.1498928064.A.080.html
TaiwanRanger (Just a ranger),[問題] 在電商平台買分離式冷氣的物流問題,Wed Jun 28 21:34:02 2017,"小弟在Y公司的""購物中心""購買不含安裝的分離式冷氣，該司的供應商片面告知須七至十個工作天才能到貨(南台灣)，我詢問是否可以請其他物流公司上門取貨再運送給我(我願意自負運費)，該司的客服答稱一般物流公司不收大家電，此計不可行。我想請問：有人在同等級的電商平台買過同級的家電嗎(冷氣、冰箱、洗衣機)? 物流時間真的要佔掉7~10個工作天(以雲嘉南為例)?一般物流公司(嘉X大X、新X貨運...)不收剛出廠包裝完整的大家電嗎? 各位先進知道有哪些物流公司願意運送呢?已經火大到想吉Y司了, 懇請鄉民們幫忙，感謝!!",https://www.ptt.cc//bbs/E-appliance/M.1498656845.A.E99.html
beture0831 (胖子),[請益] 汐止南港松山二手家電商家,Wed Feb 16 21:39:59 2011,"※ [本文轉錄自 Nangang 看板 #1DMzCoqj ]作者: beture0831 (胖子) 看板: Nangang標題: [請益] 汐止南港松山二手家電商家時間: Wed Feb 16 21:37:52 2011請問大家。.南港松山汐止地區有回收二手冰箱的店家嗎??家裡有一台蠻新的冰箱要賣...大約用了3年..很少用..想說乾脆賣掉好了!!煩請告知..感恩^^""--※ 發信站: 批踢踢實業坊(ptt.cc) ◆ From: 118.166.216.163※ beture0831:轉錄至看板 SongShan                                  02/16 21:38※ beture0831:轉錄至看板 Sijhih                                    02/16 21:39",https://www.ptt.cc//bbs/E-appliance/M.1297863600.A.D80.html
partywei626 (davidlin),[問題]「聲菱冷氣」的評價，歡迎使用者及家電商一起討論,Mon May 25 13:12:34 2009,"最近家裡要裝分離式冷氣找了附近的家電行來看老媽二話不說挑了最便宜的牌子「聲菱冷氣」據家電老闆說，聲菱是禾聯代工，保固也是禾聯三年保而老闆說，聲菱跟禾聯的冷氣只差在外殼?(真的是這樣嗎= =)聲菱的沒有室內溫度偵測就醬，內部零件都一模一樣。我怕老闆唬爛，也怕我們家被敲竹槓。----問題來了----Q1 版上有聲菱冷氣的顧客嗎?可以出來說說看評價嗎小弟對於這種聽都沒聽過的品牌，很怕買到地雷但是老媽說經濟不景氣 ... 唉總之先討論看看聲菱的評價在想辦法說服老媽，換有知名度一點的牌子Q2 台灣本土""知名""品牌還推薦哪幾家廠商，例如：東元、三陽、聲寶、大同，這幾間評價如何呢?Q3 本土品牌禾聯評價如何?想叫老媽貼1萬5(一台差3千，總共裝五台)換成全禾聯的冷氣，而非聲菱(禾聯代工)我只知道禾聯是大賣場及便利商店常用的牌子Q4 華菱跟皇冠的評價呢?這我同學推薦的，他阿北是家電行的，說本土三線只推這兩家----以上----小弟感謝(同步發問於01)",https://www.ptt.cc//bbs/E-appliance/M.1243228355.A.AC9.html
amo0717 (阿莫),[情報] iPhone SE電商預購優惠比較,Fri Mar 11 13:26:55 2022,目前看到蝦皮跟Momo這兩家都有預購SE的優惠Pchome目前還沒看到，有的話也麻煩大家補充個https://i.imgur.com/AJkUbNv.jpg蝦皮(3/11 晚上9點開放預購)https://bit.ly/3vWGDP01.在活動期間下單後會有300蝦幣回饋2.舊機回收最高拿26000，然後蝦皮給最高1500的購新機補助3.刷國泰單筆滿16000，回饋1200刷卡金Momo(3/11 晚上9點開放預購)https://bit.ly/3MEzys71.刷指定星展卡單筆分期滿3萬6 登記送限量的3000元刷卡金2.有線上舊機回收服務，幾乎每個手機品牌都可以，同時有購機辦門號最高送24000 mo幣感覺兩家優惠都沒有很多如果搭蝦皮18號活動的商城券 感覺還可以更便宜不知道可不可以這樣用還是大家有其他的更優惠搭配方式歡迎在底下幫補充個～,https://www.ptt.cc//bbs/MobileComm/M.1646976418.A.CF9.html
petertwo1224 (petertwo1224),Re: [討論] 破解不肖電商平台充電器的BSMI認證真假,Tue Nov  9 09:14:22 2021,"後來整串都被我的手機拍螢幕歪樓了，先回應一下比較care手機拍螢幕的板友，因為我自己是屬於比較不care手機拍螢幕的人，也就這麼做了，上次被用genius梗嘲諷應該是3到4年前的事了，以為這只是一時的梗，總之既然有人會在意，我以後就不這麼做了。另外有提到什麼內建的，不過例如PChome，甚至有一個分類是自帶線，我自己也覺得用內建很不直觀（？總之這不是重點啦！然後再回一次這個文的主要目的是，我應該搞錯主題回錯文了，主要是這篇標題""買到智選家的充電器算被騙嗎？""內文有提到我回覆的這篇文章。https://reurl.cc/EZD971總而言之，重點應該是在於，不管標檢局的網站有沒有合格，商品與外包裝應該都要有R字軌標示吧？因為連我手上這個，當初為了湊免運買的雜牌行動電源都有標示了，不然不如買水貨？https://i.imgur.com/NKyVWbi.jpg",https://www.ptt.cc//bbs/MobileComm/M.1636420464.A.A09.html
petertwo1224 (petertwo1224),Re: [討論] 破解不肖電商平台充電器的BSMI認證真假,Sun Nov  7 11:25:57 2021,原文恕刪小弟最近因使用多年，可能也是因為平時都捲在行動電源放包包，或是因為可分解材質，當年買SE附的線開始脫皮，於是想找自帶線的行動電源。一開始也被廣告打很大智選家代理的IDMIX給吸引，因為自帶插頭又自帶線感覺很好用，但後來爬到這篇文章有點卻步。結果無意間發現一個叫Lapo的牌子，也是有做自帶插頭跟線的類型，去查R字軌確實也有表示該款型號，唯一缺點大概就是自帶線查不到MFI認證，我在猜因為這種類型的行動電源可能很多是貼牌中國製的，因為在蝦皮上看到很多很便宜的，外觀幾乎一樣，但R字軌不是沒認證就是過期，於是又把念頭轉回Idmix上結果無意間在標檢局的網站竟然查到有認證了https://i.imgur.com/HoEyLE2.jpg而且也有蘋果MFI認證https://i.imgur.com/pqVBG55.jpg是有罵有差，還是説要商品外包裝有R字軌才算有過，或是有什麼其他我沒注意到的地方？,https://www.ptt.cc//bbs/MobileComm/M.1636255559.A.CD0.html
a1106abc (HP都陷入內戰中),[新聞] iPhone 13 僅第二！電商公布「五倍券,Thu Oct 14 12:54:27 2021,"─────────────1.原文連結：https://reurl.cc/0x9kpM2.原文標題：iPhone 13 僅第二！電商公布「五倍券」最熱銷 TOP 10 排行榜3.原文來源(媒體/作者)：3C科技/記者黃肇祥　2021/10/14 11:254.原文內容：https://i.imgur.com/DDp9aai.jpg迎戰 5 倍券消費熱潮，不僅實體通路祭出優惠，部分綁定信用卡、數位支付的民眾，也會選擇網購平台作為消費管道。PChome 24h 今日（10/14）公布「5 倍券熱銷 TOP10」，蘋果 AirPods Pro 擊敗 iPhone 13、新 Switch 獲得第一。PChome 指出，於 10 月 8 日開放使用 5 倍券後，湧入用戶比平日同時段暴增 40%，連假期間銷售額更是成長 1.5 倍、行動支付訂單占比約 50%，平均客單價落在 5 倍券的額度約是 4,000-4,500 元左右，足以看到 5 倍券帶來的驚人買氣。其中 PChome 的消費客群以 18-24 歲為最大幅度，並且主力消費集中於 3C 產品，像是筆電、iPhone 新機等高單價商品，然而也有不少消費者是走務實派，由於數位不受限面額限制，因此醫療口罩、衛生紙、洗衣精等日常用品，也獲得許多用戶青睞。【PChome 24h 購物】五倍券熱銷 TOP10 排行榜：TOP1.AirPods ProTOP2.iPhone 13 256GTOP3.醫療口罩系列TOP4.小米手環6TOP5.Nintendo Switch OLEDTOP6.羅技超值4折組合(無線行動滑鼠+電腦後背包)TOP7.Lenovo Gaming 3 15.6吋電競筆電TOP8.水哦千拌麵 黑麻油麵線系列TOP9.SK-II 青春露(230ml)TOP10.Dyson SV18無線吸塵器Top 10 榜單第一名是蘋果的 AirPods Pro，目前通路特價已經來到了 6,000 元初，另外 iPhone 13 蘋果新機持續熱銷，新產品包含 Switch OLED 款式也十分受到歡迎。在實體通路方面，燦坤則表示實體 5 倍券使用率最高的是微波爐、烤箱等小型廚電，其次才為手機、平板，另外大型家電冰箱與洗衣機，亦有諸多詢問，名列第三梯次。燦坤表示，顯見消費者打算趁機將汰舊換新，不只是瞄準手邊的用品。純看手機項目，根據傑昇通信提供的通路銷售數據，以實體 5 倍券作為消費的民眾，多半瞄準蘋果 iPhone 13、13 Pro 兩款新機為大宗5.心得/評論：看來這代也是13賣的會比pro 和pro max好呢雖然是一家的調查而已，第一名是AirPods pro 啊有點意外──────────────────────────────────────",https://www.ptt.cc//bbs/MobileComm/M.1634187269.A.7BB.html
sukiya (sukiya),[新聞] 電商買iPhone13　3攻略記好最高限省3萬5,Wed Sep 15 18:18:02 2021,"1.原文連結：https://reurl.cc/EZ2zAk2.原文標題：電商買iPhone13　3攻略記好最高限省3萬53.原文來源:三立/馮珮汶4.原文內容：記者馮珮汶／台北報導蘋果迷久等了，iPhone 13新機終於出爐。Apple於今凌晨（15日）正式發表2021年度新機iPhone13和iPhone 13 Pro，蝦皮購物將於9/17晚間8點全面開放新機預約，網羅各種超殺預約優惠，包含指定銀行刷卡最高回饋3,000元刷卡金、舊機回收金最高發放32,700元，再加上13分鐘撒折價券不限量，聰明疊加回饋最高達36,000元。蝦皮購物將於9/17晚間8點正式開始iPhone 13系列新機預約，今年包括iPhone 13、iPhone 13 mini、iPhone 13 Pro與iPhone 13 Pro Max等4款機型，iPhone 13 Pro 與 iPhone 13 Pro Max 更推出絕美新色「天峰藍」，以及首度發行1TB記憶體規格。而蝦皮購物也祭出購機優惠三攻略，要讓果粉們聰明省錢、輕鬆入手最熱門的新iPhone。攻略一：9/17(五)預約開跑的前13分鐘（20:00 – 20:13），只要在活動頁領券預約iPhone新機註，即現折300元，限時不限量。攻略二：蝦皮購物線上手機回收服務最快5天完成！簡單五步驟輕鬆享高額回收金，5分鐘線上估價、免費到府取件、人工檢測、專人報價、最後輕鬆領取回收金，最高回饋32,700元，完成手機回收流程的消費者，當月於蝦皮購物購買iPhone13新機，再加碼手機舊換新補助，最高再享1,500元的購機補助金。攻略三：優惠回饋最高的就屬台新銀行及凱基銀行，購買iPhone 13系列單筆最高享3,000元刷卡金回饋，名額有限、先搶先贏。momo購物網9/17晚上8點同步官方開放預購iPhone 13、iPhone 13 mini、iPhone 13 Pro以及iPhone 13 Pro Max四款機型，並提供信用卡最高回饋2,800、momo卡免登記3%回饋無上限、momo限量加碼送殼貼組、消費集點抽掃地機器人等好康。momo同時結合豐厚的集團資源，祭出「購機加辦台灣大門號」最高送24,000 momo幣。momo購物網分享，iPhone 13全系列搭載全新A15仿生晶片效能再升級，加上新增的「攝影風格」、「電影級模式」一機在手簡單拍出專業大片，亮相即掀熱議，以上一代iPhone12系列銷售來看，當時熱門機型momo開放預購一分鐘即完售，預估9/17新機預購將再掀一波強勁買氣。為讓果粉即時購得新機，momo將同步官方開放預購，包含iPhone 13及iPhone 13 mini全新粉紅色、藍色、午夜色、星光色、紅色共五色，依容量規格iPhone 13定價25,900元起；iPhone 13 mini為22,900元起。iPhone 13 Pro與iPhone 13 Pro Max則有全新亮相的天峰藍色、銀色、金色、石墨黑共四色，並首次推出1TB容量規格，其中iPhone 13 Pro定價32,900元起；iPhone 13 Pro Max為36,900元起。支付業者強力助陣，9/30前刷指定台新信用卡單筆刷滿32,000元限量登記送刷卡金2,800元、單筆刷滿25,000元限量登記送刷卡金2,500元；中國信託銀行信用卡分期且單筆消費滿25,000元，限量登記享2,500元刷卡金回饋；momo卡友則享免登記3%回饋無上限。另外還有國泰世華銀行、玉山銀行等多家銀行也加入滿額登記回饋活動。iPhone 13系列全面支援5G 網路。momo也看準想趁著此波升級5G的消費需求，結合集團資源推出「購機申辦台哥大門號享回饋」活動，凡於momo APP活動頁登記48期、月租費1599元的5G吃到飽方案，即享24,000momo幣回饋。換機不忘延續舊機價值，momo APP還有線上操作舊機回收服務，近10大品牌手機適用，最高可回饋26,600紅利金。5.心得/評論：今年電商還是回饋滿滿,可是沒看到是不是能在9/24日拿到手機也許有人說蘋果官網比較有保障,但是我是要分24期所以只能在電商購買請問去年有在電商購買的人你們有第一時間拿到手機嗎?",https://www.ptt.cc//bbs/MobileComm/M.1631701084.A.A56.html
tourism1003 (米叔),Re: [討論] 網路電商平台的福利品手機,Tue Jan 26 22:23:07 2021,※ 引述《nonpolar (Nonpolar)》之銘言：: 比較大的電商 譬如PCHOME24、MOMO等: 有時會有福利品: 跟新機比較起來價差約3-4000元: 請問鄉民有購買過嗎?: 這差價值得買嗎 還是說抱著抽樂透心態會比較好: 電商平台購新機 好像也有機率買到非處女的我上上一隻手機是 XZP ，後來 Xperia 1 出了之後，觀望了一陣子，所以我就在 MOMO 上面買了這款手機的福利品https://i.imgur.com/dIzrei0.png我是也沒有特地錄影開箱的習慣，但還好我的人品應該還不錯(?！)雖然買的手機是福利品，但還好從一收到手機後開始，不管是手機的外表，還是使用習慣，都沒有遇到任何的問題。,https://www.ptt.cc//bbs/MobileComm/M.1611670991.A.E57.html
nonpolar (Nonpolar),[討論] 網路電商平台的福利品手機,Tue Jan 26 20:47:54 2021,比較大的電商 譬如PCHOME24、MOMO等有時會有福利品跟新機比較起來價差約3-4000元請問鄉民有購買過嗎?這差價值得買嗎 還是說抱著抽樂透心態會比較好電商平台購新機 好像也有機率買到非處女的,https://www.ptt.cc//bbs/MobileComm/M.1611665276.A.FA3.html
peterlin495 (專業果粉O'_'O),[新聞] 電商iPhone 12預購開跑1分鐘完售　太平,Sat Oct 17 13:57:14 2020,"電商iPhone 12預購開跑1分鐘完售　太平洋藍最受歡迎iPhone 12系列來了，PChome網路家庭（8044）旗下PChome 24h購物昨晚8點搶先開放限量預購 iPhone 12 Pro、iPhone 12，短短1分鐘內預購一空，其中規格以128G及256G最受歡迎，且今年推出兩款口碑新色 iPhone 12 Pro太平洋藍、iPhone 12藍色吸引消費者瘋搶。PChome進一步觀察，黑、白兩款經典色系仍廣受市場好評，顯見消費者對於 iPhone 12系列新機的高度期待，引發銷售狀況的熱烈回應。看好此波換機搶購潮，PChome 24h購物也將於10/23早上8點正式開賣iPhone 12 Pro及 iPhone 12現貨新機，下單後全台24小時現貨到貨，台北市也有機會當天收到，此外還可搭配指定信用卡最高15%回饋。iPhone 11 128G則大幅降價5,400元、iPhone 11 64G現省5,000元等促銷折扣，刺激iPhone 11系列於秋季新機發表會後，日銷量較平日暴增5倍，更帶動 Apple全系列商品買氣爆棚，熱銷商品如 iPhone 12系列新機保護殼、Apple 5W USB電源轉接器等。另外，創業家兄弟（8477）旗下生活市集為搶攻iPhone 12商機，也宣布開放iPhone 12系列限量預約、免運開跑。生活市集表示，站上開放預約的iPhone 12、iPhone 12 Pro分別各有三種容量可選擇－iPhone 12 64G、128G、256G，其售價分別為26,900、28,500、32,000，以及iPhone 12 Pro 128G、256G、512G，售價分別為33,900、37,400、44,400，皆贈蘋果原廠1年的保固服務；此外，凡刷第一銀行星燦卡累積分期消費滿25,000，即享1000元刷卡金，並同時獲得消費再享最高2%回饋（每月回饋上限500元）、當月累積消費滿777元即享刷卡金100元等多重優惠，等同購買一隻iPhone 12最高可再享1600元刷卡金。（蕭文康／台北報導）https://tw.appledaily.com/property/20201017/H7ADOCNI75BNXIUOXNUV3HXW3Y/心得：原來這次也這麼多人買，不是都說升級感不夠嘛台灣5G不夠普及、相機除了max也沒啥進步等等 --Sent from my iPad Pro 11"" 2nd generation○ PiTT // PHJCI",https://www.ptt.cc//bbs/MobileComm/M.1602914236.A.1D3.html
a4990640 (sm988),[討論] 4a還要等電商嗎,Tue Sep 22 14:24:23 2020,前陣子買了一台4a，有推薦給家人，目前google store 下訂要十一月才會到，看到新聞台灣大哥大十月中開賣，正在思考到底是現在下訂google store，還是等下個月台灣大哥大開賣以後貨源會比較多，拿不定主意，大家有什麼想法呢-----Sent from JPTT on my Asus ASUS_I003D.,https://www.ptt.cc//bbs/MobileComm/M.1600755865.A.2DF.html
olmtw (olmtw),[新聞] 電商爆雷？蘋果另一款平價機 iPhone SE P,Thu Sep 17 20:45:10 2020,電商爆雷？蘋果另一款平價機 iPhone SE Plus 浮上檯面2020/09/17 18:303C科技頻道／綜合報導「機海」戰術似乎已經逐漸成為 Apple 的主要策略，今年（2020）除了年初的升級版iPhone SE 外，年底還有 iPhone 12、iPhone 12 Max、iPhone 12 Pro 與 iPhone 12Pro Max（暫稱）。除此之外，傳言 Apple 還將發布一款「瀏海」螢幕的 iPhone SEPlus。據外媒《Wccftech》報導，國外知名購物網站《Best Buy 百思買》近期不小心上架了專屬 iPhone SE Plus 的保護貼，而且在品項上清楚的標示「iPhone SE Plus」的字樣，從規格上來看似乎是一款 5.5 吋並具備瀏海螢幕設計的 iPhone。從昨日 Apple 2020 秋季特別活動來看，Apple 似乎因產量問題而將 iPhone 12 系列的發布會拖延至 10 月，而外界也猜測官方有可能會在該發表會上同步宣布新款 iPhoneSE Plus，總共一次發布 5 款新 iPhone 機型。https://3c.ltn.com.tw/news/41691心得：這個也滿有趣的，是BestBuy上出現的保護貼，但這形狀有點特別下面的部分就是Touch ID這沒什麼問題，上面應該不是文中說的瀏海感覺洞挖的有點奇怪--Sent from Google Chrome on Windows 10 Pro.,https://www.ptt.cc//bbs/MobileComm/M.1600346713.A.7B2.html
l119thunder (台中狗鼻),Re: [討論] 破解不肖電商平台充電器的BSMI認證真假,Tue Sep 15 16:07:42 2020,※ 引述《CJAI3 (長榮愛佛深^^)》之銘言：閒閒沒事來回個文。: 現在時下最熱門的話題就是美豬瘦肉精的問題了，: 開放進口已成定局，討論的應該是如何訂定檢驗規範，: 杜絕瘦肉精超標的豬肉在市面上販售，: 想必政府可能會制定一個看似嚴格的規範去約束廠商，: 為什麼會說看似嚴格呢？: 就拿我們熟悉的標檢局BSMI來舉例好了，: 大家都知道台灣的標檢局BSMI標準是相當嚴格的，: 主要檢測項目是溫升跟電磁干擾，BSMI標準嚴不嚴格不曉得，但是相當龜毛，認可品零件附上證書還要附照片，感覺很找碴。目前還沒做過其他國家的安規比BSMI難做的，案件價格又差。以上不代表BSMI標準嚴格，只能說發證程序麻煩。另外檢測項目為何就看你做什麼標準了。: 有些在國外上市販售的產品甚至有可能無法通過標檢局BSMI檢驗！每個國家適用的標準都不同，你拿通過CNS標準的產品拿去做其他同類型的標準也可能不會通過。: 而且以充電器來說在商品本體及外包裝都必須要標示Ｒ字軌圖示，: 這樣才可以在台灣販售，: 即使是好市多平行輸入的ANKER充電器都有完善的標示及認證，: 如違反的話動輒罰款數十萬起跳甚至上百萬！: 看似標準及罰則都相當高！: 相當的重視台灣消費者的權益。: 但是生意人是十分聰明的！: 標檢局BSMI有一個東西叫做系列型號，: 什麼是系列型號呢？: 假如有個充電器規格一樣，: 但是有黑白紅三種顏色，: 可以把黑色當作主型號，: 白跟紅兩個型號當作系列型號，: 這樣只要把主型號做認證即可，: 聽起來還蠻合理的，: 因為顏色不同而已，: 內部結構都一樣，: 當然做一次認證即可！這部分有誤。同系列型號只代表在同一份證書/報告內，並不代表只做過一次的測試。有可能有ABC三個型號，但單純外觀不同，裡面結構相同，這種只要挑一個測試沒錯。也有可能ABC三種型號，但結構略有不同，需要三個型號都測試的。這些都需要在報告中的型號差異描述寫說哪裡不一樣，說明為何只需測一個，或是測兩個或三個。: 但是事情沒有大家想的這麼簡單，: 舉以下例子給大家參考，: 智Ｘ家: Ｘ選家: 智選Ｘ: 跟你們說聲抱歉了，: 拿你們舉例代表你們廣告成功，: 因為廣告一直打到我，: https://i.imgur.com/Mqou4ED.jpg: 上面那張幫大家整理好懶人包，: 看到行動電源的部分，: 他們把CH05及CH08當成同一個系列型號，: 很顯然的，: 他們是完全不同的商品，: 必須分開做認證，: 不能當成同一個系列型號，: 再看到65WPD快充充電器，: 同一個系列型號裡面居然從20W到100W都有，像這種情況，若裡面的變壓器是同一顆，只不過利用硬體來限制功率輸出，是有可能可以只挑100W的來測，但還是要看過整體結構才能斷定。: 從單孔到四孔都有，: 這就更離譜了，: 而且這些產品本體上或是外包裝應該都是沒有標檢局R字軌的標示的，: 不過就算有，只要認真去查就可以發現這是投機取巧的方式，: 以上述例子來說R3C668是智Ｘ家這間公司的Ｒ字軌，: 有做過BSMI的公司會有一個像R3C668的Ｒ字軌，: 只要去標檢局網站上查詢，: 就可以查到這些公開資料，: 知道這間公司有那些產品的認證，: 是不是使用投機取巧不合法的方式一看就知道，: 以下標檢局的資料有指出須符合何種條件才符合系列型號，: 我沒讀什麼書看不太懂，: 但是如果上述例子符合系列型號，: 除非同花打得過full house，: 習近平當選美國總統啦！: https://reurl.cc/ldZeYj: https://i.imgur.com/bgC2WYM.jpg: 那如果之後美豬有間廠商拿符合標準的美豬送驗，: 取得合格標章，: 那他後續的豬不管如何，: 即使是把瘦肉精當水喝的豬，: 不就有可能也可以進口，: 你說美國人吃瘦肉精也沒怎樣啊，: 大家還不是喜歡外國月亮比較圓，: 黑人雞雞比較大，: 那為什麼台灣還要制訂標準呢，: 那荷蘭可以抽大麻台灣可以嗎？: 在台灣做生意本來就要符合台灣法規，: 但可惜的是政府往往訂出嚴格的法規，: 但是總有漏洞可以讓廠商鑽，: 可能也沒有嚴謹的去查核，: 真的很可惜！: 假如很多公司都用這種方式投機取巧，: 在電商上利用這樣的方式欺騙消費者，: 使消費者誤以為產品有老實做認證，: 是安全有保障的，: 而花比較多錢購買這些以為有通過標檢局BSMI產品，: 請問大家認為這樣會不會變相來說是一種詐欺的行為呢？其實有問題問題也不見得完全出在廠商，也有可能是實驗室。BSMI案件價格爛，標檢局有限制價格加上認證單位多，很多實驗室的心態是測試隨便弄一弄數據有出來比較重要，審件有過就好。做BSMI案件真的是在做服務，同產品做美規價格通常是BSMI的兩倍以上，省時省力，又沒有無敵煩人的投件程序，鬼才想接BSMI案件勒。但基本上來說BSMI認證應該是比歐盟的CE還好一點點啦，畢竟還有市場抽檢。CE隨便找一家野雞實驗室測一測就能拿報告自我宣告，也可以自己測自己宣告喔。所以國外的月亮不一定比較圓，至少歐盟的沒有~,https://www.ptt.cc//bbs/MobileComm/M.1600157270.A.D4B.html
CJAI3 (長榮愛佛深^^),[討論] 破解不肖電商平台充電器的BSMI認證真假,Mon Sep 14 19:25:49 2020,現在時下最熱門的話題就是美豬瘦肉精的問題了，開放進口已成定局，討論的應該是如何訂定檢驗規範，杜絕瘦肉精超標的豬肉在市面上販售，想必政府可能會制定一個看似嚴格的規範去約束廠商，為什麼會說看似嚴格呢？就拿我們熟悉的標檢局BSMI來舉例好了，大家都知道台灣的標檢局BSMI標準是相當嚴格的，主要檢測項目是溫升跟電磁干擾，有些在國外上市販售的產品甚至有可能無法通過標檢局BSMI檢驗！而且以充電器來說在商品本體及外包裝都必須要標示Ｒ字軌圖示，這樣才可以在台灣販售，即使是好市多平行輸入的ANKER充電器都有完善的標示及認證，如違反的話動輒罰款數十萬起跳甚至上百萬！看似標準及罰則都相當高！相當的重視台灣消費者的權益。但是生意人是十分聰明的！標檢局BSMI有一個東西叫做系列型號，什麼是系列型號呢？假如有個充電器規格一樣，但是有黑白紅三種顏色，可以把黑色當作主型號，白跟紅兩個型號當作系列型號，這樣只要把主型號做認證即可，聽起來還蠻合理的，因為顏色不同而已，內部結構都一樣，當然做一次認證即可！但是事情沒有大家想的這麼簡單，舉以下例子給大家參考，智Ｘ家Ｘ選家智選Ｘ跟你們說聲抱歉了，拿你們舉例代表你們廣告成功，因為廣告一直打到我，https://i.imgur.com/Mqou4ED.jpg上面那張幫大家整理好懶人包，看到行動電源的部分，他們把CH05及CH08當成同一個系列型號，很顯然的，他們是完全不同的商品，必須分開做認證，不能當成同一個系列型號，再看到65WPD快充充電器，同一個系列型號裡面居然從20W到100W都有，從單孔到四孔都有，這就更離譜了，而且這些產品本體上或是外包裝應該都是沒有標檢局R字軌的標示的，不過就算有，只要認真去查就可以發現這是投機取巧的方式，以上述例子來說R3C668是智Ｘ家這間公司的Ｒ字軌，有做過BSMI的公司會有一個像R3C668的Ｒ字軌，只要去標檢局網站上查詢，就可以查到這些公開資料，知道這間公司有那些產品的認證，是不是使用投機取巧不合法的方式一看就知道，以下標檢局的資料有指出須符合何種條件才符合系列型號，我沒讀什麼書看不太懂，但是如果上述例子符合系列型號，除非同花打得過full house，習近平當選美國總統啦！https://reurl.cc/ldZeYjhttps://i.imgur.com/bgC2WYM.jpg那如果之後美豬有間廠商拿符合標準的美豬送驗，取得合格標章，那他後續的豬不管如何，即使是把瘦肉精當水喝的豬，不就有可能也可以進口，你說美國人吃瘦肉精也沒怎樣啊，大家還不是喜歡外國月亮比較圓，黑人雞雞比較大，那為什麼台灣還要制訂標準呢，那荷蘭可以抽大麻台灣可以嗎？在台灣做生意本來就要符合台灣法規，但可惜的是政府往往訂出嚴格的法規，但是總有漏洞可以讓廠商鑽，可能也沒有嚴謹的去查核，真的很可惜！假如很多公司都用這種方式投機取巧，在電商上利用這樣的方式欺騙消費者，使消費者誤以為產品有老實做認證，是安全有保障的，而花比較多錢購買這些以為有通過標檢局BSMI產品，請問大家認為這樣會不會變相來說是一種詐欺的行為呢？,https://www.ptt.cc//bbs/MobileComm/M.1600082752.A.B97.html
JKGOOD (Dont QQ),[閒聊] 閒聊 某電商平台的標價,Thu Sep 10 01:26:01 2020,現在拍照比較強的手機就：三星、華為、小米不過華為已經被美國踩死了，本人平日又會用到Google框架，所以已經不能選了再加上仇韓最近只好慢慢尋找小米的新機，(或等Pixel 5)意外發現某電商平臺的標價(平台logo資訊等已裁切)https://i.imgur.com/k71ulR4.jpg揉了揉眼睛還以為自己看錯了仔細看幣值是新台幣不是日幣賣這個價格廠商是不是太有自信了？,https://www.ptt.cc//bbs/MobileComm/M.1599672363.A.85A.html
olmtw (olmtw),[新聞] 奪兩大電商排行榜第一！Google 新中階 Pi,Sat Aug  8 13:35:49 2020,"奪兩大電商排行榜第一！Google 新中階 Pixel 4a 預購超搶手文／記者黃肇祥／ 2020-08-08 09:35Google 全新中階手機 Pixel 4a 傳出好消息，發布不到一週即攻佔美國電商排行榜第一，高 CP 值獲得普遍消費者的關注，或將延續 Pixel 3a 的成功經驗。Pixel 4a 從本週開始預購，美國將於 8 月 20 日正式上市，台灣則為 9 月 10 日。目前美國兩大電商平台亞馬遜、百思買已經開始接受民眾預定，根據外媒《AndroidPolice》報導指出，不少消費者已經迫不及待，讓 Pixel 4a 一舉衝上兩大平台解鎖手機的排行榜第一名。當前在亞馬遜已經全數被訂光，呈現缺貨狀態，儘管無法得知 Google 提供的 Pixel4a 數量，但熱潮顯然是有的，不僅排名超前蘋果 iPhone SE，就連銷售常勝軍的三星A20、A51、Moto G Power 都被擠下。去年 Google 就曾於 7 月財報會議表示，Pixel 3a 幾乎讓 Google 手機翻倍成長，今年看來 Pixel 4a 有望持續帶來高買氣。本次 Google 使用效能更好的高通 S730 處理器，連帶 RAM、儲存空間都一次給足，憑藉著 Google 相機技術讓 Pixel 4a 擁有媲美旗艦級的拍照等級，重要的是還調降價格，台灣僅售 11,900 元。綜觀美國 Reddit 論壇網友評價表示，不少人認為 Pixel 4a 滿足消費者最簡單的需求，價格便宜、且拍照優異，不像過往的中階機拍照表現都不理想，也有網友認為，在當前手機不斷漲價的趨勢下，價格調低的 Pixel 4a 反倒增加不少吸引力。https://3c.ltn.com.tw/news/41280心得：雖然目前還沒正式上市，但預購的表現也是挺不錯的基本上就是一台優缺點都很明顯的手機，也因此選購不是太困難不過對小魯來說可能會想要至少等5G的版本--Sent from Google Chrome on Windows 10 Pro.",https://www.ptt.cc//bbs/MobileComm/M.1596864951.A.01C.html
gretch5928 (Gretchen),[閒聊] iphone11電商比價筆記,Thu Jun 18 23:01:11 2020,"終於下班QQ來趕618尾盤換手機了，沒錯我就是那個晚買享折扣的人QQ我就把剛做的的筆記貼上來提供蘋果11的比價給大家參考大家就各取所需的去買吧PC $24,999配PI錢包回饋5% PI幣,算下來是$23,749https://24h.m.pchome.com.tw/prod/DYAJ2U-A900AAI00-000?gclid=EAIaIQobChMI7ui63smL6gIVPsEWBR2_lglEEAQYASABEgJOtPD_BwEMomo配momo卡5%回饋(無上限),折扣後價格$23,599https://www.momoshop.com.tw/event/appRedirect.jsp?status=0&goodsUrl=https://m.momoshop.com.tw/goods.momo?i_code=7695486蝦皮 $24,899搭配滿20,000現折1500的券是 $23,399https://shopee.tw/product/97783264/4334817121?smtt=0.0.9折扣券https://shopee.tw/m/mobile?smtt=201.66009.9考量我個人網購的頻率不高，我是下單蝦皮的現折1500這條路啦~畢竟我現在想不到我下次可以買什麼大家也可以思考一下自己的比較常用哪個平台～～",https://www.ptt.cc//bbs/MobileComm/M.1592492478.A.4D8.html
weinan6 (............),[問題] 在官網或電商平臺預購比較划,Wed Mar  4 08:31:12 2020,"如題，因為想買S20 ULTRA,但因為是第一次參與預購，一般來說在官網，或是電商平臺例如MOMO,PCHOME等預購那邊比較划算？預購禮物在各通路差異會很大嗎？畢竟要花40000以上，想好好評估一下。感謝各位了",https://www.ptt.cc//bbs/MobileComm/M.1583281874.A.24D.html
electronicyi (電子益),[情報] ROG Phone II 五大電信與電商 11/1 開賣,Thu Oct 31 18:53:07 2019,"來源：http://bit.ly/36lIA8nROG Phone II 五大電信與電商 11/1 開賣 年底新色「紳士黑」上市終於華碩的旗艦電競手機 ROG Phone II 12GB/512GB，終於將在 11/1 日起在全台五大電信上架，消費者可依照個人需求，選擇最適購機資費方案。11月底前更加碼於各大電信、華碩專賣店及各電商平台推出優惠活動，包含：中華電信搭配任一資費專案，加贈原廠30W快充(市價NT$1,490)；台灣大哥大搭配任一資費專案送智慧炫光保護殼(市價1,490)資費；遠傳電信與台灣之星搭配 ROG Phone II 專屬方案，皆可超低優惠價 NT$2,490 加購 GamePad 遊戲控制器（NT$3,990）；消費者於指定通路，全台 ASUS 專賣店、各大電商平台：ASUS Store、PChome 24h 購物、MOMO 購物網、Yahoo 奇摩購物中心、蝦皮 ASUS 官方授權通訊旗艦店、東森購物 購買ROG Phone II，就送智慧炫光保護殼（NT$1,490）。而之前 9 月於德國柏林 IFA 消費電子展首次亮相的 1TB 霧黑新色版本 ROG Phone II 電競手機，也將於 11/29 日於指定通路推出。ROG Phone II，採用低調優雅的消光霧黑色機身，搭配 ROG 獨有的圖騰點綴背蓋，搭載全球最新 S855 Plus 頂級處理器與 120Hz AMOLED 螢幕，擁有強悍效能與流暢無延遲的清晰畫面，時刻掌握遊戲動態；6000mAh 超大電量是玩家長時間打遊戲的強力後盾，加上可大幅提升操控性的 AirTrigger II 超音波觸控鍵設定快捷鍵，助玩家們在激烈的遊戲戰場上取得致勝先機。ROG Phone II「紳士黑」(12GB/1TB)，建議售價：NT$32,990。https://i.imgur.com/0sc8lQj.jpg心得：1TB版本居然只比512GB版本貴6000而已...紳士黑就是背面改為霧面設計話說炫光殼雖然無法安裝風扇模組不過外型設計真的不錯看...很多電信業者當作贈品可是中華電信搭配任一資費專案，加贈原廠30W快充這是怎樣？？快充不是本來就在手機包裝裡了嗎？？--Sent from my ROG Phone II",https://www.ptt.cc//bbs/MobileComm/M.1572519189.A.E29.html
olmtw (支持htc，支持台灣貨),[新聞] 首季印度手機電商銷售占比 創新高,Tue Jun 18 10:31:16 2019,首季印度手機電商銷售占比 創新高04:102019/06/18 工商時報 吳筱雯便宜就是王道，根據市場調查機構Counterpoint Research資料顯示，第一季印度智慧型手機電商通路銷售佔比上升至43％、創歷史新高，已經明顯侵蝕實體通路，小米則是印度電商通路之王，佔比高達43％，連華碩都因為深耕印度電商有成，第一季在電商通路市佔率躍升至8％、排名第四。印度智慧型手機是市場先前一直以實體通路為主，隨著訴求低價的小米進入印度後大獲成功，電商通路開始受到重視，尤其印度政府廢大鈔之後，電商通路受歡迎程度與日俱增，雖然印度政府修改電商法規、試圖減少跨國電商業者的勢力，但印度消費者對價格非常敏感，法規修改也無法影響電商對消費者的吸引力。根據市場調查機構Counterpoint Research資料顯示，第一季印度智慧型手機出貨量為3100萬支，其中，電商銷售佔比上升至43％、創下歷史新高，銷售量則比去年同期大增17％，相較之下，第一季印度智慧型手機實體通路銷售量則是年減4％。在電商通路手機品牌佔有率方面，小米以43％遙遙領先第二名的三星，而與OPPO有戰略合作關係的新品牌Realme，雖然去年下半年才進入印度市場，但第一季在印度電商通路市佔率也衝上11％，只比三星少4個百分點，華碩則以8％電商通路市佔率位居第四。Counterpoint表示，第一季印度智慧型手機電商通路銷售佔比大幅上升，與電商通路熱賣產品積極促銷，以及越來越多機種選擇在電商開賣有關，紅米6A、紅米Note 6 Pro、紅米Note 7是智慧型手機電商銷售前三名，在電商銷售前10大機種中，小米就佔6款，而三星專為印度電商市場推出的M系列，搭配快閃銷售與相對低單價，造成熱賣，帶動三星第一季在電商通路銷售量年增31％。另外，Realme 3、華為榮耀10 Lite、華碩Zenfone Max Pro系列也是都推動第一季電商銷售量增長的主力機種。#通路 #實體通路 #印度電商 #三星 #小米 #佔比 #印度智慧型手機 #電商銷售 #電商通路 #電商https://www.chinatimes.com/newspapers/20190618000302-260204?chdtv心得：電商購買手機應該是更方便一點，按一按就能等手機送過來當然最重要的事情還是價格的部分如果真的有比較低，消費者肯定也願意選擇台灣大廠華碩手機在印度市場表現似乎也不錯--◆投票名稱: 八卦板板主選舉    選    項                                   總票數  得票率  得票分布    olmtw  2017/07/01-2018/02/28                19 票   1.52%    0.87%    olmtw  2018/06/23結果揭曉                   43 票   4.06%    2.69%超越0.87%，感恩有您,https://www.ptt.cc//bbs/MobileComm/M.1560825079.A.C66.html
brartz (懷抱夢想),[新聞] realme 3也有新色上架 炫光藍5/30電商平,Tue May 28 18:04:03 2019,"realme 3也有新色上架 炫光藍5/30電商平台開賣https://www.ettoday.net/news/20190528/1454586.htm記者邱倢芯／綜合報導繼華為P30 Pro與OPPO Reno後，realme今（28）日也公布realme 3將有炫光藍新色將於5/30在Yahoo奇摩購物中心上架。realme官方表示，realme 3動感黑一推出就獲得正面評價，以性能與潮流兼具的產品理念已逐步敲開台灣消費者的心。為了不讓低調靜謐的動感黑專美於前，realme 3新色炫光藍也即將開賣。realme 3炫光藍建議售價4,990元，將於5/30由Yahoo奇摩購物中心搶先開賣，5/30~6/3購機加贈木頭牛奶杯，刷Yahoo聯名卡最高享6%回饋。6/4起，消費者亦可於PChome 24h購物中心、momo購物網與蝦皮商城選購realme 3全色系（動感黑及炫光藍）；另外，realme 3手機殼以及realme耳機也將於同步於6/4在PChome24h購物中心與蝦皮商城販售，售價皆為299元。心得:realme這次主打電商通路，不知道效果如何但我猜對於精算族來說應該是利多配各家平台跟信用卡回饋能更便宜一些不過有趣的是realme這次學哥哥oppo不一次把顏色出完，應該是想拉長販賣週期到pro上市這對一個新品牌來說還蠻大膽的，值得觀察--我的夢想就是懷抱著夢想",https://www.ptt.cc//bbs/MobileComm/M.1559037850.A.9FE.html
olmtw (支持htc，支持台灣貨),[新聞] 將攜手三大電商平台首發，realme 3 預告,Fri Apr 19 16:51:29 2019,將攜手三大電商平台首發，realme 3 預告五月登台發表於 2019-04-19 16:21主打年輕人市場的新品牌 realme，先前已經宣告將會進軍台灣市場，預計將在五月份推出首款手機產品：realme 3。在先前的上市前品牌溝通會中，realme 就表示將有「數字系列」與「Pro 系列」兩種產品線，當中的數字系列將會以相當高 CP 值的價格登場。而現在 realme 則是進一步宣告，首波上市的通路將會與台灣三大電商 PChome 24h購物、momo購物網與蝦皮商城合作，預計在五月份推出首款 realme 產品。realme 在海外本身就是靠著電商通路起家，尤其是在印度地區與亞馬遜商店合作，在很短的時間內就拿下銷售第一名的成績，可說是相當重視虛擬通路的品牌。而這次在台灣市場選擇與三大電商 PChome24h 購物、momo 購物網、蝦皮商城合作，也是看準了 PChome 為3C 電商龍頭，主打男性客群、Momo 從電視購物與美妝品起家，擁有大批女性會員、蝦皮則透過 C2C 竄起而廣受年輕人喜歡等特色。realme選擇與族群各異的三個電商平台展開合作，逐步與不同族群展開對話，藉此觸及核心目標族群。realme 台灣市場商務長鍾湘偉表示：「首款產品 realme 3 採取線上銷售，我們會最小化台灣市場與國際市場的產品價差，保證不會讓期待 realme 的消費者失望。」https://www.eprice.com.tw/mobile/talk/6113/5243324/1/心得：這三大電商在台灣都是非常具有規模與影響力的，選擇的很不錯而高CP值手機意味著跳水空間大概不會那麼多，喜歡搶鮮的特別適合比較不會有說買了過幾周價格大減這種疑慮--◆投票名稱: 八卦板板主選舉    選    項                                   總票數  得票率  得票分布    olmtw  2017/07/01-2018/02/28                19 票   1.52%    0.87%    olmtw  2018/06/23結果揭曉                   43 票   4.06%    2.69%超越0.87%，感恩有您,https://www.ptt.cc//bbs/MobileComm/M.1555663894.A.49B.html
jjwxtmdl (接近無限透明的藍),[菜單]幾台電商DIY桌機選擇,Mon Feb 27 19:41:50 2023,"已買/未買/已付訂金（元）：未買預算/用途：25k以內 / 追動漫、上網、看串流、電玩CPU (中央處理器)：AMD R5-5600 / AMD R5-5600 / AMD R5-5600MB      (主機板)：MSI B550M PRO-VDH / MSI B550M PRO-VDH / MSI B550主機板RAM     (記憶體)：16GB DDR4 / 16GB DDR4 / 威剛8GB DDR4/3200*2VGA     (顯示卡)：MSI RTX 3050 AERO 8G / MSI RTX 3060 AERO 12G /                  MSI RTX 3060Ti VENTUS 2X 8GD6X OCCooler  (散熱器)：SSD   (固態硬碟)：PCIE 512G M.2 / PCIE 512G M.2 /500G M.2 PCIEHDD       (硬碟)：PSU (電源供應器)：松聖 DUKE 550W / 松聖 DUKE 550W /600W 80+電源供應器CHASSIS   (機殼)：松聖 黑加侖 / 松聖 黑加侖 / 松聖 荔枝MONITOR   (螢幕)：Mouse/KB  (鼠鍵)：OS    (作業系統)：其它      (自填)：各位30cm大大、F Cup水水大家好，在下長年以來都是用已經用了                  10年的骨董筆電外接24吋1080P螢幕使用，但最近筆電感覺要來討                  債了，所以在網路上看了幾台DIY桌電，想說便宜買就好，爬了一                  些文，鎖定R5 5600，顯卡則是在猶豫要3050就好還是捏一點上3060                  Ti，還有前兩台都是單風扇的MSI AERO，這樣散熱會影響嗎？平時                  大多是玩SWITCH比較多，是看了網飛的CyberPunk 2077後有想要玩                  看看，請教一下大家的意見，是最便宜的3050就夠還是至少要3060，                  又或者3050、3060都是老黃刀法下的垃圾卡，3060Ti才是CP王者，                  請各位指點小弟一下，感恩。總價 (未稅/含稅)：16606 / 18981 / 22999注意1：自稱小妹或會透露自己性別的舉動要注意可能會引來不必要的紛擾，請注意。注意2：標題是否有寫明""預算""、""用途""? 沒有請按Ctrl+x 然後按T改標題注意3：請多加利用線上估價系統來進行估價以及價格查詢 (僅供參考)注意4：若遇新品問題請勿發除錯文，請直接回原購買處處理。※ 禁止任何估價系統的連結、單號、網址數字等等。※ 相關包含手寫、excel、估價系統的擷圖連結。※ 購買套裝電腦者，發文及回應請自行打上原廠產品型號。※ 請勿張貼包含yahoo、pchome、udn、momo、autobuy、燦坤、三井、順發、良興等   國內網路通路連結。請以文字敘述。※ 以上只限制於本板相關物品，有爭議者由板務認定。   菜單文與情報文，禁止任何估價系統連結與擷圖、包含文字估價單號碼。   (參閱板規1-2-3、1-3-9)   違反者:刪文、水桶十日。注意5：為保障您的權益，購物消費請索取統一發票，並盡量以含稅價取貨注意6：若有任何問題請先洽詢板務。",https://www.ptt.cc//bbs/PC_Shopping/M.1677498112.A.ABD.html
nfbsabc (clark),[情報] 撼訊RX7900系列電商補貨,Thu Feb 23 14:53:48 2023,"RX 7900 XTX Liquid Devil OC RGB 24G $42,990RX 7900 XTX Red Devil 24G OC RGB $38,990RX 7900 XT Hellhound 20G OC $30,990桃子網跟電腦家少量補貨1~4張不等  電腦家只有水冷版刷卡分期拿回饋又可搭配折價券且不限組裝缺顯卡的可考慮",https://www.ptt.cc//bbs/PC_Shopping/M.1677135230.A.453.html
ultra120 (原廠打手 !!!),[情報] NVIDIA GeForce RTX4080英國UK電商已上架,Mon Oct 31 18:42:31 2022,RTX 4080 可能比官方建議零售價貴很多。NVIDIA宣布其RTX 4080 16GB卡的價格為1199美元（1269英鎊）這應該是Founders Edition和最便宜的合作夥伴設計的價格距離新Ada型號正式推出還有近3週的時間我們現在可以看到英國零售商會要求額外增加180英鎊。同德RTX 4080 GameRock系列，有三個型號，均配備16GB VRAM現已被LaptopsDirect列出這家零售商希望您為最便宜的型號支付至少1450英鎊最高要支付1530英鎊。這遠遠超過NVIDIA建議零售價。https://i.imgur.com/RwQGnoX.png來源 https://reurl.cc/X56LKaXF 編譯 https://www.xfastest.com/thread-268539-1-1.html阿娘謂 直逼 55 K 自製帝版,https://www.ptt.cc//bbs/PC_Shopping/M.1667212954.A.7E4.html
oppoR20 (發情豹紋),[情報] 英國電商曝光60Ti GD6X版 也會有公版卡,Sun Oct  9 23:03:42 2022,https://bit.ly/3RO4aJj英國電商曝光了3060Ti GDDR6X的資料了（？https://i.imgur.com/eq1vwA5.png顯然可以看出這個3060Ti冠上了GDDR6X的後綴另外一個差別是Boost clock從1665變成1670 雖然根本沒什麼差就是居然也會有公版卡版本 雖然只是換顆粒而已沒錯價格369英鎊 跟原版一樣應該能預期不會漲價可是幣值跌了 這就不好說了 可能還是小漲一點—https://i.imgur.com/mNUxQSh.jpg https://i.imgur.com/wv35QXm.jpghttps://i.imgur.com/eVCxfT8.jpg https://i.imgur.com/NGLWeNu.pnghttps://i.imgur.com/3012P4q.jpg https://i.imgur.com/95eHcHL.jpghttps://i.imgur.com/RhMYfn3.jpg https://i.imgur.com/Botdvow.jpghttps://i.imgur.com/D0d3rBY.jpg https://i.imgur.com/RISyFlT.jpghttps://i.imgur.com/daomuz3.jpg https://i.imgur.com/Gw0vJW5.jpg,https://www.ptt.cc//bbs/PC_Shopping/M.1665327825.A.F55.html
nicholas0406 (尼可拉斯),Re: [請益] 請問顯示卡在電商買注意事項？,Sun Sep 25 16:15:46 2022,※ 引述《SHIRAYUKI (銀鈴)》之銘言：:     同樣的3060Ti顯示卡在電商(xo)比在X價屋便宜，: 我想保固是原廠提供，跟在哪買無關，同張卡能買到便: 宜價格是好事，但沒有在電商買過顯示卡，請問在電商: 買顯示卡有要注意的地方？:     A牌3060Ti：13990(X價屋)，13244(xo)。:     M牌3060Ti：13990(X價屋)，13430(xo)。認真說 沒什麼特別需要注意的事項這個M屋有爭議的地方在於之前板上有人買螢幕但退貨被刁難顯示卡的話 目前還沒有聽說過有案例發生，你要是有顧慮的話就拍開箱影片至於某標榜原價的某屋 其實價格本來就不是最便宜的，我都把他當參考價也就是賣比某屋還貴的就不考慮購買而且某屋刷卡還要付手續費，相比之下電商刷卡則是不需負擔手續費，還能分期零利率。而且電商還免運費 由此可見某屋不只價格上已經不具競爭優勢，連服務也被比下去。這樣來看 電商不只負擔了刷卡費用，還負擔了運費，但某屋以現金價購買、價格上卻還比別人貴，乾脆叫貴貴屋好了...我是你的話 不考慮直接就電商下單了，省那500塊 拿去吃燒烤我也爽，而且還不用特地出門花時間跑一趟，省下來的時間、你也要一併考慮進去。只有一種情況我才會去某屋買東西，就是很急著用 如果少了這樣東西，電腦就無法開機像是散熱膏之類的，又或者是我不想等到隔天才到貨 才會特地跑一趟某屋，否則直接電商下單 方便多了,https://www.ptt.cc//bbs/PC_Shopping/M.1664093748.A.432.html
SHIRAYUKI (銀鈴),[請益] 請問顯示卡在電商買注意事項？,Sun Sep 25 13:39:48 2022,    同樣的3060Ti顯示卡在電商(xo)比在X價屋便宜，我想保固是原廠提供，跟在哪買無關，同張卡能買到便宜價格是好事，但沒有在電商買過顯示卡，請問在電商買顯示卡有要注意的地方？    A牌3060Ti：13990(X價屋)，13244(xo)。    M牌3060Ti：13990(X價屋)，13430(xo)。,https://www.ptt.cc//bbs/PC_Shopping/M.1664084390.A.B73.html
chirex (不含銅鋰鋅),[情報] 顯示卡暴跌還是賣不動 電商急了：開始買一送一,Fri Sep 16 09:34:29 2022,顯示卡暴跌還是賣不動 電商急了：開始買一送一https://news.xfastest.com/others/117861/newegg-graphics-card-event/2022-09-15NVIDIA與AMD不少顯示卡售價已跌破建議售價，尤其是相對高階的型號。然而，即使如此，銷售情況似乎仍不理想。現在，北美電商Newegg想了新辦法，下單購買RTX 3060、RTX 3070顯示卡，送一台顯示器：24吋1080P、27吋2K。如果正好有裝機需求，且要求沒那麼高的話，顯示器亦算能合乎使用。24吋支援165-180Hz更新率，AMD FreeSync Premium，提供雙HDMI+USBx3等。27吋支援165Hz更新率，AMD FreeSync Premium，提供雙HDMI+USBx4等。若照官方計算，相較單獨購買顯示卡+顯示器，將分別節省26%、23%費用。就目前的訊息來看，9月20日NVIDIA將發表的新一代顯示卡僅有RTX 4090、RTX 408012GB/16GB三款，而售價肯定是高不可攀，如果預算有限，現在買RTX 30系列顯示卡或可納入考慮範圍內了。訊息來源==別急，讓顯卡跌一會兒。顯卡買一送一？那顯卡還是顯卡嗎？顯卡還是不是顯卡?你給我翻譯翻譯，什麼叫做驚喜？驚喜就是卡商買一送一，出清庫存!!!,https://www.ptt.cc//bbs/PC_Shopping/M.1663292072.A.83B.html
ultra120 (原廠打手 !!!),[情報] M2 Mac mini和mini Tower突然現身線上電,Mon Jun  6 21:27:44 2022,隨著WWDC 2022預計將在一天內拉開帷幕，一家名為B&H Photo的流行線上零售商列出了兩款未發布的Apple產品儘管定於明天舉行的主題演講主要集中在未來的軟體版本上但在某些情況下該公司已經擠進了一些硬體產品。兩個列表都被9to5Mac發現，但可惜的是沒有提供預期的M2 Mac mini或Mac mini Tower的影像Mac mini Tower確實提到了將使用Apple的M1 Pro SoC作為其內部結構的一部分但沒有提供其他有價值的訊息。至於這些listing的真實性過去有過佔位記錄，但這些產品從未實現過所以歷史很可能在這種情況下重演。XF編譯 https://www.xfastest.com/thread-262913-1-1.htmlhttps://wccftech.com/m2-mac-mini-and-mac-mini-tower-listings-spotted/動。https://i.imgur.com/h6tb00n.jpg香 I皇又要緊張了,https://www.ptt.cc//bbs/PC_Shopping/M.1654522067.A.4D1.html
Sabaurila (サブリナ),[情報] 多家電商 東芝14TB 企業碟 $8488,Sat Apr 16 10:57:06 2022,多家電商都有特價Y購/PChome24h/momo企業級MG系列TOSHIBA MG07ACA14TE五年保固 富基電通公司貨$8488使用TWBuyer.info網站查詢應該是近期最低價偷渡一下這顆噪音跟HC550比起來如何？,https://www.ptt.cc//bbs/PC_Shopping/M.1650077828.A.542.html
oppoR20 (發情豹紋),[情報] 日本電商7星3090Ti SUPRIM X只要15.3萬,Fri Feb  4 21:59:19 2022,https://twitter.com/momomo_us/status/1489435927864692737?s=21日本已經有商家偷跑7星3090 Ti SUPRIM X惹https://i.imgur.com/k6uvW74.png嗯 只需要152847台幣呢 真4划算ㄋ^^雖然日本顯卡比較貴 但這也貴太多了吧這價格買台MT15還有找欸 真猛—https://i.imgur.com/ZeXl3bs.jpghttps://i.imgur.com/ysz1Ofw.jpghttps://i.imgur.com/fffZ9DD.jpg,https://www.ptt.cc//bbs/PC_Shopping/M.1643983162.A.849.html
ultra120 (原廠打手 !!!),[情報] 發佈兩年多的 GTX 1650成電商最暢銷顯卡,Wed Dec 29 21:10:13 2021,顯示卡市場一年多的瘋狂仍沒有結束，N家的RTX 20/30系列A家的RX 6000系列價格依然遠高在預設價格之上顯然這對消費者們實際選購也造成了潛移默化的影響據整理發現在Newegg和Amazon已經發佈兩年多的GTX 1650居然是最暢銷的顯示卡儘管其均價如今普遍也是發售之初的兩倍。GTX 1650取代的是GTX 1050 Ti，雖然從性價來看不及同期的AMD RX 570，可為人稱道的地方在於75W功耗甚至不需要外接供電。也許還有一個原因可以解釋GTX 1650的暢銷那就是在RTX 30系列發售後，NVIDIA仍在孜孜不倦地生產GTX 1650/1650Super/1660/1660 Super等老Turing GPU。最後簡單提醒下，市面上的GTX 1650實際上內部分為三款核心分別是上市之初的TU117配GDDR5，TU117核心配GDDR6以及TU116而核心配GDDR6（升級NVENC解碼）從選購的角度，如果價格相仿，顯然最後一款SKU最值得買。https://www.cnbeta.com/articles/tech/1219613.htmXF編譯https://www.xfastest.com/thread-257586-1-1.html新一代 電表倒轉顯卡,https://www.ptt.cc//bbs/PC_Shopping/M.1640783416.A.31F.html
ZhaShi,[情報] 三星980 1TB 各大電商2999,Mon Oct 18 18:23:15 2021,SAMSUNG 三星 980 1TB NVMe M.2 2280 PCIe 固態硬碟(MZ-V8V1TBW)讀3500/寫3000/TLC/600TBWdramlesspchome/momo/原價屋都是這個價格這個價格好像可以買了？,https://www.ptt.cc//bbs/PC_Shopping/M.1634552598.A.714.html
ultra120 (原廠打手 !!!),[情報] 華擎 6900XT OCF 旗艦電商零售,Wed Aug 25 00:04:00 2021,MOMO PCHOME 可刷卡單賣華擎ASRock RX 6900 XT OC Formula 16G 顯示卡五年保固 算力60幾 信仰等級,https://www.ptt.cc//bbs/PC_Shopping/M.1629821042.A.4AA.html
hn9480412 (ilinker),Re: [新聞] 微軟喊告！電商「超便宜」Windows 10 為非法序號,Thu Aug 19 23:17:27 2021,Gofunco我記得一兩年前就一直頻繁出現在某網站，像是「電腦王XX」(他之前就被台灣微軟微軟警告過還揚言要提告，雙方隔空交火)這類的網站，從Google關鍵字就能找到一堆網站幫Gofunco打廣告反正這網站就是會用各種節日和名目做促銷，他除了賣Windows之外連Office365/買斷版都有賣，連LTSC和專業增強版這種只有大量授權的版本都有賣我就懷疑他們的序號到底怎麼來的，而且價格低到不可思議。假如不是從德國的OEM序號流出那八成就是MSDN的序號了https://i.imgur.com/0VRoet7.pnghttps://i.imgur.com/d4bW9Gn.png這種價格跟我說沒有鬼我還真的不信喔，他除了賣這些之外連office 365都有買，而且還是賣365一年分的帳號。價錢也才幾百塊，比正常的365一年份的序號還要便宜太多了，還說到期後帳號就不能用了就算你當下綁MS帳戶是成功的也不見得未來就不會有事。我自己遇到的狀況是這樣以前高科大還沒跟高應大和海科大合併時，有給畢業生Win 10專業版、教育版和LTSB的MAK序號(也可以掛VPN連到學校KMS的方式啟用企業版或是LTSB版本)，Office都是採KMS方式啟用。併校後還是有保留原本的VPN網域連回去。不過在去年底就已經連不回去了(八成是IP或是網域被教育部收回了)。所以原本畢業生也不能使用KMS來啟用，不過之前我曾經使用過MAK方式啟用教育版和成功綁微軟帳戶。所以我就重灌成教育版看能不能綁微軟帳戶啟用，結果就是直接給你一個0x803fa067的錯誤碼示意圖(實際上企業版可以轉教育版，直接用教育版ISO重灌後也是給同樣的訊息)https://i.imgur.com/sHtvj1k.png打給微軟的啟用專線最後轉人工客服對方就直接跟你說這序號已經被封了，用PIDKey去抓出來也出現Banned的封鎖訊息(連LTSB的序號也封了)，封鎖原因不知。所以不要以為甚麼樣的序號綁微軟帳戶就能給你爽用下去，哪天重灌後數位授權被封了你都不知道後來想想從Win7就開始用學校大量授權給你用到Win10也算值得了，出社會後有財力買個正常管道授權也沒有甚麼太大的困難。所以知道授權已經沒用了後就直接去買零售版序號和office 365解決(不過office mac的大量授權沒甚麼影響所以就繼續用了)https://i.imgur.com/wQVJxzp.jpg-- 作者  kech9111 (...)                                         看板  Gossiping  標題  [問卦] 有沒有亞洲只剩台灣沒有知名樂園的八卦？                           時間  Wed Dec 24 19:18:26 2014                                               噓 ineedadvice: 你把5566放在哪 12/24 19:19→ ineedadvice: ......看錯12/24 19:19推 KYALUCARD: ....要介紹眼鏡行嗎?12/24 19:19,https://www.ptt.cc//bbs/PC_Shopping/M.1629386250.A.B83.html
CREA (人間不信),[新聞] 微軟喊告！電商「超便宜」Windows 10 為非法序號,Thu Aug 19 18:11:31 2021,自由時報2021/08/19 16:57記者黃敬淳微軟喊告！電商「超便宜」Windows 10 為非法序號　　近期一間名為「Gofunco」電商平台打出超低優惠，只以 1 折、8.25 美元起的定價，便可獲得 Windows 10 專業版序號，甚至有 12.25 美元、約合台幣340 元，便可同時授權兩台電腦的產品。不過，台灣微軟公司稍早發出聲明，確認「Gofunco」並非微軟授權代理商或經銷商，且其販售的序號和金鑰皆為非法販賣。　　微軟也強勢提出《著作權法》80條之2，認為此舉有未經著作財產權人同意，便破解或規避「防盜拷措施」機制侵權的問題；推廣「Gofunco」網站並從中營利，也可能須負擔共同侵權責任。微軟並呼籲各大網路平台或媒體，應盡快盡快移除並下架相關文章與販賣連結。　　微軟也指出，微軟法務團隊已在蒐證包含「Gofunco」在內的非法販售網站。　　至於「Gofunco」的金鑰及序號，官方推估可能有三種來源，包含 OEM 產品金鑰、大量授權金鑰（如教育版），或是微軟開發人員網路（MSDN）金鑰。微軟也強調，這三類 Windows 金鑰，皆不可在網路上販售，且若被查獲，官方也會直接封鎖該筆金鑰，讓用戶的電腦無法正常使用軟體。　　微軟也重申，目前微軟在台的零售軟體正版授權商或代理商，僅有聯強國際股份有限公司、展碁國際股份有限公司及捷元股份有限公司，其餘皆為非法販賣。https://3c.ltn.com.tw/news/45607,https://www.ptt.cc//bbs/PC_Shopping/M.1629367894.A.AF9.html
gundam616 ( 小小志 ),[情報]  原價屋 6600XT 限組裝,Wed Aug 11 20:55:47 2021,"最後一刻，踩煞車、防礦工、限組裝大家可以回家啦華碩 DUAL-RX6600XT-O8G(2607MHz/24.3cm/註四年)*單張限組裝.規格中高階, $12490華碩 ROG-STRIX-RX6600XT-O8G-GAMING(2607MHz/24.3cm)*單張限組中高階, $14990技嘉 RX6600XT EAGLE 8G(2589MHz/28.2cm/三風扇)*單張限組中高階, $12490技嘉 RX6600XT GAMING OC 8G(2593MHz/28.2cm/三風扇)*單張限組中高階, $13490技嘉 RX6600XT GAMING OC PRO 8G(2607MHz/28.2cm/三風扇)*單張限組中高階, $13990微星 RX6600XT MECH 2X 8G OC(2602MHz/23.5cm/註四年)*單張限組裝.規格中高階, $12490微星 RX6600XT GAMING X 8G(2607MHz/27.7cm/註五年)*單張限組裝.規格中高階, $13900撼訊 AXRX 6600XT 8GBD6-3DH 戰鬥機(2589MHz/22cm)*單張限組中高階, $12490撼訊 AXRX 6600XT 8GBD6-3DHL/OC 地獄犬(2593MHz/22cm)*單張限組中高階, $13990撼訊 AXRX 6600XT 8GBD6-3DHE/OC 紅魔(2607MHz/25.12cm)*單張限組中高階, $14990-----Sent from JPTT on my iPhone#更新MOMO電商完售、綁禮包",https://www.ptt.cc//bbs/PC_Shopping/M.1628686549.A.998.html
Ning01 (美式低能卡通 讚),"[情報] ASUS PG32UQ在電商開放預購 (32"" 4K 144)",Mon Aug  9 21:01:27 2021,ASUS ROG PG32UQ 32吋4K HDMI2.1電競螢幕原價＄34900．限時價↘＄29888剛剛在巴哈看到文章，某電商開放限時特價預購了。巴哈的討論文，這篇有中國已經買到的簡單心得分享https://reurl.cc/yE8xal在電腦應用綜合討論版有另一篇討論文，因為裡面有電商連結，我不知道貼那篇的巴哈文連結會不會違反版規，就不貼那篇的了。ASUS官網連結https://reurl.cc/dG3Kjz,https://www.ptt.cc//bbs/PC_Shopping/M.1628514091.A.52F.html
KotoriCute (小鳥不可愛),[情報] 輝達顯卡太搶手！美電商平台 Newegg 辦抽獎，股價飆 41%,Wed Jul  7 11:54:50 2021,"輝達顯卡太搶手！美電商平台 Newegg 辦抽獎，股價飆 41%                             發情報文請注意https://finance.technews.tw/2021/07/07/newegg-nvidia-gpu/美國電商平台新蛋（Newegg）舉辦抽獎活動，出現輝達（Nvidia Corp.）四款超搶手 GeForce RTX 顯卡，股價聞訊一度暴衝逾 50%。TechRadar、Seeking Alpha報導，6日Newegg Shuffle抽獎活動出現RTX 3060、RTX 3070、RTX 3070 Ti、RTX 3090四款熱門顯卡，顧客若幸運中獎，就可以接近建議售價的價格買下，比Best Buy等網站便宜許多。缺點是，Newegg部分輝達顯卡跟其他產品綑綁，中獎者必須一起購買。舉例來說，RTX3070與技嘉主機板綁定，因此顧客無法以原價799美元單買RTX 3070，得付1,089美元買整組。自從疫情爆發以來，遊戲與挖掘加密貨幣的需求飛漲，使得輝達顯卡陷入嚴重短缺。亞馬遜（Amazon.com）平台幾乎買不到熱門顯卡，而eBay賣家Antonline的RTX 3080上架一兩分內就搶光。Best Buy的RTX顯卡以標價出售，庫存也只要1分就搶購一空。Newegg 6日終場飆漲41.67%，收27.20美元，創2018年2月26日以來收盤新高；盤中最高一度爆衝54.64%。輝達同步上漲1.03%，收827.94美元，再創歷史收盤新高。",https://www.ptt.cc//bbs/PC_Shopping/M.1625630092.A.3E0.html
genius1031 (genius),[情報] 某24小時電商RTX 3090 水冷電競機,Fri Jun 18 12:30:35 2021,RTX3080版本沒了3090從12點開搶到現在都還有貨是礦工黃牛只搶卡補不主機了還是是預購要等的關係？有需要的可以趕快去我自己是訂了一台應該不會到時候沒貨退款吧！https://i.imgur.com/8Bv2sSX.jpg,https://www.ptt.cc//bbs/PC_Shopping/M.1623990637.A.7C9.html
oppoR20 (R20),[情報] 970 Evo Plus 2T 罰站屋/電商特價8888,Wed Feb 17 19:05:32 2021,"罰站屋三星 Samsung 970 EVO Plus 2TB/M.2 PCIe 讀:3500/寫:3300/TLC/五年, $9488↘$8888桃子網、良興、UDN、自動買、PC24H等電商皆有特價只是藝人店....17300有人能解釋一下為啥藝人店那麼貴ㄇ@@不知道會下殺多久不過好像挺常下殺這價格的SN550似乎有點可怕8200 Pro抽抽樂直接[email protected]SN750跟剩下的SSD都還要9K到10K左右甚至以上感覺不錯啦 買買買--https://i.imgur.com/n5hQ3JG.jpg",https://www.ptt.cc//bbs/PC_Shopping/M.1613559936.A.A99.html
HiImGd (Hi Im Gd),[情報] 技嘉筆電 電商限時下殺 3/6~3/31,Mon Mar  6 14:23:46 2023,"來源 桃子購物https://i.imgur.com/K1fDYbB.pngAERO 16 XE5 16吋獨顯創作者筆電i7-12700H/16G/2TB SSD/RTX3070Ti 8G$52,999https://i.imgur.com/ntdmJrb.pngAORUS 15 XE5 15.6吋獨顯旗艦電競筆電i7-12700H/16G/1TB SSD/RTX3070Ti 8G$49,999https://i.imgur.com/b2KpcgX.pngAERO 16 KE5 創作者筆電i7-12700H/RTX3060 6G/UHD/16G/1TB SSD$49,999https://i.imgur.com/xOoW3AM.pngG5 ME-51TW263SH 15.6吋144HZ獨顯電競筆電i5-12500H/RTX3050Ti-4G/8G/512G SSD$26,999影片文書用途 G5 ME算是不錯有基本的效能 12代i5壓力小的遊戲也可以144Hz最近13代+RTX 40筆電上市12代雖然也是用到RTX 30顯卡價格上就可以多衡量了",https://www.ptt.cc//bbs/nb-shopping/M.1678083828.A.C78.html
QuentinHu (囧興),Re: [情報] PH315-53-728Z多家電商特價,Sat Aug  7 04:09:59 2021,"這台我在pchome上面有搶到一台希望明天會到，開箱給大家看看我覺得這台是40k內高cp首選跟fx516比我選這台1. FX516如果要分期還是要42K，這台還是便宜5K   前陣子去光華逛 FX516現金價也沒辦法壓到40K   而且配RTX顯卡一定要加到雙通道記憶體，價格完全壓不下來   現在PCHOME刷卡也有回饋，我寧可分期+回饋   反正平常也常買PCHOME東西，回饋用得到   BTW小抱怨一下，光華店員最近應該都很屌   連逛兩三間都愛理不理，名片不給的，報價不寫在紙上說怕我拿去跟別間殺價   跟以前買電腦可以殺價凹贈品差很多，真心覺得誇張2. 40K內顯卡最強   40K內其他選擇最好是配到3050Ti ... 但還是輸2070 max-q   而且RTX顯卡還要插到8G*2雙通道 性能才會接近   加買單條8GB也要nt$ 1000，這台直接標配16gb，又省一筆   有版友提到11400H比較強 但11400H沒有搭3060這種選擇阿!   用11400H都是配3050甚至1650 顯卡性能根本不能拿出來討論3. 144hz/5ms+/300nits/72% ntsc 廣色域螢幕螢幕部分要分兩點!a.   我家空間沒辦法雙螢幕用兩個桌機螢幕   所以筆電原本的螢幕很重要   這台是配72% ntsc的型號 螢幕亮度平均是300nits   就算是當副螢幕，主螢幕用桌機的，我也堅持畫面不能太難看   何況我眼睛不好，TUF配的是250nits的螢幕   如果帶出門到背景亮光強一點的地方，眼睛看的真的很吃力b.   而且重點不是廣色域而以   TUF跟其他台很多款的144HZ，response time是25ms !   這個反應時間根本配144hz沒用阿...   老實說電競筆電配那麼爛螢幕的真的很OOXX其他小點：可以加裝硬碟※ 引述《x1699 (鮪魚)》之銘言：資料來源：https://reurl.cc/ZGka13、https://reurl.cc/7r89RNhttps://reurl.cc/kZeNXx這幾天在看最近有出甚麼新筆電時意外看到這台，I7-10870H加上2070不到40K。雖然CPU的效能輸11800H一截，但看一些YOUTUBE及網路評測，顯卡部分效能和3060似乎差不多，有點心癢癢的，不知大家覺得划不划算@_@？P.S：顯卡部分有去電問過ACER客服，對方說規格說明上沒寫MAX-Q的話就是沒有MAX-Q，而功耗部分要等工程師確認後才會回覆。--※ 發信站: 批踢踢實業坊(ptt.cc), 來自: 111.243.27.87 (臺灣)※ 文章網址: https://www.ptt.cc/bbs/nb-shopping/M.1628235279.A.C1D.html→ qazxswedcvfr: 想問這台可以加裝hdd嗎，不然有點 49.216.128.220 08/06 15:56→ qazxswedcvfr: 心動~ 49.216.128.220 08/06 15:56→ qazxswedcvfr: 看了一下規格都沒說道@@ 49.216.128.220 08/06 15:56推 lattesheep: 前天已下訂，覺得很超值，買過317覺得113.211.150.161 08/06 16:07→ lattesheep: 不錯113.211.150.161 08/06 16:07推 lattesheep: 給1樓歹勢沒辦法開箱給你看內部規格因113.211.150.161 08/06 16:12→ lattesheep: 為還沒收到113.211.150.161 08/06 16:12推 cola587: 10870效能不到i5-11300h... 110.30.161.226 08/06 16:13推 lattesheep: 人在國外要八月中才能拿到了113.211.150.161 08/06 16:14→ x1699: cola大說的是11400H嗎?不然剛剛去查是比  111.243.27.87 08/06 16:15→ x1699: 11300H好一些說@@  111.243.27.87 08/06 16:15推 cola587: 高低功耗版本的max-p在一般的散熱fhd差 110.30.161.226 08/06 16:19→ cola587: 別主要在低畫質的禎數，如果3a大作都全 110.30.161.226 08/06 16:19→ cola587: 開極致畫質一般差別在5%，因為會撞到牆 110.30.161.226 08/06 16:19推 cola587: 喔喔，是我搞錯了，謝更正，我實際上用 110.30.161.226 08/06 16:28→ cola587: 過的11300h溫度低不少，十代u沒bios解 110.30.161.226 08/06 16:28→ cola587: 鎖降壓，要45w穩跑可是相當煎熬.. 110.30.161.226 08/06 16:28推 Poorjordan: 這台可以加hdd不過規格有點清庫存的   1.200.178.66 08/06 16:33→ Poorjordan: 感覺   1.200.178.66 08/06 16:33推 pandajohn: 現在ASUS FX516PR 39k就買的到新機了  36.224.246.34 08/06 16:43→ pandajohn: FX516PR cpu11代10nm,  36.224.246.34 08/06 16:44→ pandajohn: PH315-53-728Z 10代14nm, 看起來很庫存  36.224.246.34 08/06 16:44推 amoebaba: 可是是11代四核喔，雖然我用覺得還可以  180.217.0.122 08/06 16:51→ amoebaba: 啦  180.217.0.122 08/06 16:51推 truthmanman: 不要買10代u， 捏一點上11800h值得的 101.137.28.177 08/06 17:12→ truthmanman: 這次的11800h 提升的可不是一點點 101.137.28.177 08/06 17:15→ x1699: Asus的tuf系列給的規格看起來真的不錯，但  111.243.27.87 08/06 17:27→ x1699: 配的螢幕好像沒那麼好？(色彩&亮度)  111.243.27.87 08/06 17:27→ x1699: 11800h效能真的好蠻多的，只是現在看到搭配  111.243.27.87 08/06 17:33→ x1699: 3060的幾乎都貴不少...，還是只能耐心等價  111.243.27.87 08/06 17:33→ x1699: 格掉下來了嗎><  111.243.27.87 08/06 17:33推 abigbird: 這台螢幕是高色域的嗎？   1.162.24.233 08/06 17:34推 pandajohn: ASUS FX516PR我拿它來coding和遊戲  36.224.246.34 08/06 18:01→ pandajohn: 畫質可以接受,如果不是做設計相關工作  36.224.246.34 08/06 18:02→ pandajohn: 可以考慮看看  36.224.246.34 08/06 18:02推 QBRoboT: 美國官網的Spec標2080是Max-Q，台灣官網  211.21.241.18 08/06 18:16→ QBRoboT: 的Spec是2060但是沒標，所以2070應該是?  211.21.241.18 08/06 18:17推 davidd0314: 11800跟11900已經打敗R9了，其他intel 203.204.130.88 08/06 19:51→ davidd0314: 都是垃圾，結案 203.204.130.88 08/06 19:51→ Wangsl: 對啊用80w才能贏50w的呵呵  223.137.155.3 08/06 19:56推 truthmanman: 應該說是 11800h 插電用可以虐 R9 101.137.28.177 08/06 20:57→ novicc: 打不贏R9吧220.136.204.225 08/06 20:59推 lasthope5566: 螢幕是高色域的  111.71.49.156 08/06 21:30→ qazxswedcvfr: 感恩解說~~  180.218.84.20 08/06 21:56推 adamada: 這台predators 是2070-Max-Q，有附贈加 49.217.134.249 08/07 00:06→ adamada: 裝HDD的螺絲及轉接頭。 49.217.134.249 08/07 00:06→ renjer710705: 2070-Max-Q是殘血版嗎？  111.82.245.76 08/07 00:51→ novicc: 是    49.216.45.7 08/07 01:41推 saitoTK: 清庫存別撿.PH315寧可買11th+3070那款   1.200.156.43 08/07 02:42→ saitoTK: 11代L3快取暴增/pcie4.0   1.200.156.43 08/07 02:42→ saitoTK: PH315其實散熱很還OK   1.200.156.43 08/07 02:43",https://www.ptt.cc//bbs/nb-shopping/M.1628280602.A.FD6.html
x1699 (鮪魚),[情報] PH315-53-728Z多家電商特價,Fri Aug  6 15:34:37 2021,資料來源：https://reurl.cc/ZGka13、https://reurl.cc/7r89RNhttps://reurl.cc/kZeNXx這幾天在看最近有出甚麼新筆電時意外看到這台，I7-10870H加上2070不到40K。雖然CPU的效能輸11800H一截，但看一些YOUTUBE及網路評測，顯卡部分效能和3060似乎差不多，有點心癢癢的，不知大家覺得划不划算@_@？P.S：顯卡部分有去電問過ACER客服，對方說規格說明上沒寫MAX-Q的話就是沒有MAX-Q，而功耗部分要等工程師確認後才會回覆。,https://www.ptt.cc//bbs/nb-shopping/M.1628235279.A.C1D.html
eva55252 (),[討論] 要怎麼知道電商平台上電腦的windows系統是32還是64位元呢？,Mon Sep  7 14:30:22 2020,我最近工作需求需要一台筆電買了之後要安裝公司提供的office但公司提供的office都是64位元的然後我目前想買的筆電是MSI的 Modern 14 B10MW-231TW剛剛看了一下網路上好像都沒寫他的系統是幾位元不知道是我沒找到還是怎樣呢？請問該去哪裡查詢呢？或者這裡有人知道嗎？另外我對電腦真的不是很懂，如果問了白痴問題請原諒我QQ--===================================以下空白===================================,https://www.ptt.cc//bbs/nb-shopping/M.1599460225.A.10B.html
lav1147 (檸檬汁半糖多冰),[討論] 請問各位都會拼電商平台的優惠嗎?,Thu Aug 13 09:59:21 2020,不好意思，想問一下最近本來已經要在PC家買筆電，不過發現到他有信用卡或是儲值金優惠儲值金優惠搶不太到就不太考慮，然後信用卡刷卡金或P幣優惠也要用搶的，名額也是不多本來想說搶不到就退貨，不過覺得這樣不太好，所以有點想放棄那些優惠直接買了請問各位都會拼電商平台的優惠嗎? 還是就無視直接買了?,https://www.ptt.cc//bbs/nb-shopping/M.1597283963.A.DFB.html
ultra120 (原廠打手 !!!),[情報] 華碩 Zenbook UM425 銳龍版電商上線,Sat Jul  4 16:33:20 2020,UK 新品上市Asus Zenbook UM425 14 INCH R5 8GB 256GB1.13KGhttps://www.uk.insight.com/en-gb/productinfo/laptops-and-notebooks/0010291002官網規格瀏覽　https://www.asus.com/Laptops/ASUS-ZenBook-14-UM425IA/Tech-Specs/但台灣不賣　請多利用跨國購物 全球保固,https://www.ptt.cc//bbs/nb-shopping/M.1593851605.A.FFB.html
Bennykid (劉金喜),[問題]G14如果電商有上架 代表有貨還是要排啊?,Tue Jun  2 19:56:26 2020,請問一下 最近很紅的G14因為上禮拜六 電商有釋出可以訂購的業面大概一個上午後就顯示缺貨那是代表有貨可以拿嗎?因為我有訂一台G14 我去跟業務反應說為什麼電商有貨了你們卻都沒有他的回答是 電商可以訂購不代表有貨還是要排隊 貨到通知然後如果不可以訂購了 代表排的人太多了我看PCHOME24還有快速到貨 這樣也要排?還是他唬爛我的?--阿蛇?軍師小名叫阿蛇?,https://www.ptt.cc//bbs/nb-shopping/M.1591098988.A.5CD.html
corydoras09 (香菇蛋蛋在海裡游),[分享] YOGA 920 波蘭電商價格出爐,Thu Sep 21 15:59:40 2017,i7-8550/8G/512G/UHD7599 tz=NT 64101i7-8550/8G/512G/FHD7199 tz=NT 60727i5-8250/8G/256G/FHD6299 tz=NT 53135備註：T740 i5-7300/8G/256G/FHD NT6599 tz= NT 55665台灣同規格定價NT 46595使用優惠券 NT 38012看樣子台灣價格便宜不少有興趣的可以再等等https://i.imgur.com/HM0j5B6.jpghttps://i.imgur.com/ydL2Llg.jpghttps://i.imgur.com/wUqDDI4.jpg,https://www.ptt.cc//bbs/nb-shopping/M.1505980783.A.793.html
frankcio2004 (MTF),[問題] 為什麼很多電商都沒有65x9000h啊？,Mon Jan 18 20:15:47 2021,如題非常感謝上一篇大家給的建議後來還是帶全家人一起去燦坤確認一下爸媽覺得Samsung 80T有點太亮太銳利（雖然優惠一大堆我個人很心動他們還是看習慣Sony的顏色（貴森森沒折扣結果在蝦X用了券扣5000買了沒想到神X商城竟然說要等30個工作天（1/11下訂 3/2左右才會出貨...）想說上去其他網路通路看發現為啥很多家電商都沒有賣65x9000h啊？有什麼原因嗎@@PS 當初沒在實體店買是因為沒啥折扣所以才想用優惠券在網購平台買-----Sent from JPTT on my iPhone,https://www.ptt.cc//bbs/Digitalhome/M.1610972149.A.880.html
mytony (家樂福先生),[情報] 家樂福 4/16-4/19家電商品買二千送二百,Fri Apr 16 12:15:58 2010,自2010年4月16日-19日單筆消費每滿2000元送200元現金折價卷詳細活動辦法 http://0rz.tw/ZzAR7歡迎站信或電話詢問,https://www.ptt.cc//bbs/Digitalhome/M.1271391364.A.40C.html
segundo326 (酒鬼),Re: [情報] 家樂福 1/14-1/18家電商品買五千送五百,Sun Jan 17 23:22:34 2010,"今天本來也打算去家樂福看這台和國際牌x10結果在門口時候還看到滿5000送500的大立牌結果跑去要辦會員卡時候才在服務台的上面放了一個小看板""""滿5000送500折價卷已送完""""更 既然送完了 還打什麼狗屁廣告阿1!!!（氣）一趟車跑到新莊家樂福想說算了還是進去看看 sq4242 25888-1000 沒幫忙運送問一下送要多少錢 一個女店員回答說500-600吧 不是很確定轉頭問了一下另一個店員 ""我會算800!!""""OK~一來價格不怎樣 二來折價送完還打廣告很不爽三來服務態度也不是很優 可能是看我才26 我妹才24吧更 我妹光是裝潢家裡20坪就捨得花80萬了！你個小不拉機店員給我擺臉色！轉頭就想走另外我問了一下國際牌x10 沒現貨一樣問女店員""那是台灣做的 我們家只賣日本原裝進口的喔""""沒貨就告訴我沒貨就好....總之 只是想告訴大家 折價卷沒了 不用去搶了※ 引述《valkylin2 (joey)》之銘言：: 今天去家樂福搬了一台SQ4242,因為聽到有舊機換新機折抵: 1000所以把家裡壞N年的15吋液晶螢幕帶去想說先放車上可以再: 拿給sales,沒想到付錢時直接就幫你扣掉一千 Orz...再配上準: 備的滿額折價卷再扣2400 ,so 25888-1000-2400 =22488 入手,: 還可以寄回函換數位可錄影電視盒真的便宜大碗又超值~給想入手: 的版友參考^^: 話說換了電視後玩PS3 跟 360,真的是一整個爽度爆增....: 看黑暗騎士BD 真的跟32吋差很多 冏!: PS 不過這台開機真的有點小慢就是了=W=--                   大家都愛真相                          但是我沒什麼真相    T_T                               http://album.blog.yam.com/segundo",https://www.ptt.cc//bbs/Digitalhome/M.1263741759.A.370.html
valkylin2 (joey),Re: [情報] 家樂福 1/14-1/18家電商品買五千送五百,Sat Jan 16 00:38:16 2010,"今天去家樂福搬了一台SQ4242,因為聽到有舊機換新機折抵1000所以把家裡壞N年的15吋液晶螢幕帶去想說先放車上可以再拿給sales,沒想到付錢時直接就幫你扣掉一千 Orz...再配上準備的滿額折價卷再扣2400 ,so 25888-1000-2400 =22488 入手,還可以寄回函換數位可錄影電視盒真的便宜大碗又超值~給想入手的版友參考^^話說換了電視後玩PS3 跟 360,真的是一整個爽度爆增....看黑暗騎士BD 真的跟32吋差很多 冏!PS 不過這台開機真的有點小慢就是了=W=--CPU: Intel I7 860                       MB:ASUS Maximus III Formula顯卡: Asus EAH 5850                     散熱器: CoolerMaster 212 PlusDRAM:A-Data DDR3 1600G 2G x 2           硬碟:Intel X25-M 80G +WD 640G AAKS x 2音效卡: Asus SupremeFX X-Fi             光碟機:Sony DRU-V200S機殼: CoolerMaster CM690                螢幕:Benq 3742 + Hanns.G-HG216DPOWER:Corsair VX 550W                   喇叭:Logitech Z5500",https://www.ptt.cc//bbs/Digitalhome/M.1263573501.A.BB4.html
mytony (家樂福先生),[情報] 家樂福 1/14-1/18家電商品買五千送五百,Thu Jan 14 02:03:48 2010,公司為了沒領到4000元折價卷加碼辦的活動也不用上網去買折價卷了1/14-1/18家電商品買五千送五百詳細活動內容 http://0rz.tw/EGt8Sps:本活動不得與4000元滿額折價券併用家電尾牙檔開始了1/8~2/7http://0rz.tw/Wdtwr,https://www.ptt.cc//bbs/Digitalhome/M.1263405831.A.F9C.html
smi1e (smile),[心得] 幾家電商的心得,Thu Dec 24 14:14:16 2020,"這次黑五買了滿多，或說今年買了滿多XD寫一下好的跟非常雷的經驗給大家參考PS 我寄台灣只用selfridge, 其他都是寄美國雷到爆: mac, bobbi brown, laura mercier 美國官網mac:第一次買時非黑五，自訂眼影盤只寄了眼影沒寄盤本身...花了大概一小時跟客服溝通（等排到客服要等很久）結果後來寄了兩個盤給我... 我要空盤也沒用啊!第二次粉底棒顏色寄錯，說因為特價買所以不給換但可以讓我退貨退款，但是return label大概等了三四天然後就到聖誕節了去郵局很不方便，想想$10美元就放棄了...bobbi brown:網站上寫遮瑕膏底妝可退貨，會隨貨附上退貨標籤結果根本沒有，色號不是很合想要退貨or換貨客服完全聯絡不到，$29美元不少但實在沒力氣跟他對抗就放棄了...laura mercier:寄來的時候箱子整個像是被地雷炸過，打開後包裝盒都扭曲好險我訂的只有primer是軟管，雖然有壓到但比較ok我室友看到說這包裝比walmart(廉價超市)還差小雷:cult beauty:箱子裡面灰塵超多，不知道怎麼來的所以包裝打開都要用紙巾擦一遍而且寄送速度非常緩慢，大概三週才到美國大城市讚:beautylish:寄送速度快，包裝好，客服回信速度快sephora:同上，中間有出小錯但只要聯絡客服都會替你處理好而且退貨完全不會多問啥，拿去店裡當場刷退給你nordstrom:同上selfridge:除了試用過不能退貨外，包裝跟寄送速度都沒啥好說的，很棒（比方買底妝不能試色就比較不方便）非常讚:look fantastic / skin store:價格無可匹敵，寄送速度超快贈品送超多，包裝非常完整且乾淨真的是... 相見恨晚啊!!!derm store:同上，沒事 ka 就可以打個 75 折只買個睫毛夾也包超好還額外送一堆samples以後應該能跟 非常讚 的電商買就直接買不然至少找大公司像nordstrom/sephora品牌自己的官網就算了..可能折扣多個5%但退貨麻煩，問題一堆而且sephora/nordstrom可能光贈品或累積點數就超過5%給大家參考囉～",https://www.ptt.cc//bbs/MakeUp/M.1608790459.A.797.html
roseatelin (romantic),[心得] 買起來比SEPHORA VIB 還低價的美國電商,Tue Feb 14 06:47:47 2017,"BLOG: http://0rz.tw/BEJiS (上)  文章有上下兩篇  下單教學在文內下篇#昨天有人有文內有商業連結(?!) 其實我也是抓別人的資料 今天更正成GOOGLE的重發 我自己已經訂過三次 我覺得這個網站很好 回信快而且還滿能滿足客戶需求的 推薦! 而且有些可以拿到很低價如: LA MER, BB 美妝蛋, 文藝復興八折等等 美國滿講究誠信的，上次他們提早結束八折活動，我寫信問。        客服馬上給我一組八折碼讓我用~ 真的很感動!!~~~ 另外這間電商沒直寄台灣喔!只能靠轉運或是代買了~ 關於稅的問題: 只要寄件處不在 NYC 最後刷卡的時候稅都會拿掉               (證據截圖請見BLOG(下篇)....) (勿再問啦~~~~)==========================================================================最近在美國有一間新興起的電商: Shop Spring. 他們是從IG 起家然後開始賣東西。在美國買東西通常都有州稅，你看一個東西美國賣$40, 台灣賣1400, 你覺得台灣賣很貴，但是加了稅和匯率可能幾乎是沒有差價的。SPRING 的經營模式就是集結各大美國的百貨公司的貨，像是Neiman Marcus, Saks, Barney's或是品牌官網寄出，由他們替你下單。你在下單時或是購物車就可以看到該商品是從哪裡寄的，所以你不用擔心該電商會賣假貨，而且除了紐約州以外，其他州都免稅!他們不只有賣化妝品、保養品，連童裝都有!像是La Mer的產品，你去店內或是官網買一定有稅，但是你從SPRING 買就不需要稅!而且不論你買多少都是美國境內免運! 完全不用湊單!最近的八折碼: 情人節八折碼: LOVE20 最高折$50! (要撿便宜的話最多就是買到$250)最近他們常常有折扣碼，以及接下來第一、二單八五折。像我自己住的地方稅很高，如果打八折的話對我來說就等於是打七折了!但缺點就是有些品牌不能使用，大家要特別注意喔!以下是幾個有打折大家又比較喜歡的品牌:FRESH 在SEPHORA 買一定要稅，但是這邊就不用https://goo.gl/5wrRZB Fresh從Barney's出貨https://goo.gl/4q2TGN AESOP從Barney's出貨https://goo.gl/F7vFhI  Beauty Blender 可選黑色或是紅色https://goo.gl/jFs99T TARTE從自己官網出貨                      腮紅八折才$22.4 折扣和SEPGORA 一樣https://goo.gl/ph9C3i 文藝復興眼影盤 從Urban Outfitters 出貨                      這個一定是這邊買最便宜! 除非你住免稅州!肌膚之鑰在中國學生中超紅!https://goo.gl/a80avq 肌膚之鑰從Saks出貨LA MER 在這邊買真的超便宜的! 送婆婆或是媽媽的好選擇!EX: 粉底液 SPF20 NT4,000 SPRING只賣$88! 已經是台灣七折價了!https://goo.gl/jiShIl  LA MER從Barney's出貨https://goo.gl/AYjdIl Jo Malone 從saks出貨                        可以入手高貴(接近一千元)的護唇膏https://goo.gl/bgrOXk  Laura Mercier 從自己官網出貨https://goo.gl/8SWGrR    這個亮白蜜粉超推薦!https://goo.gl/GCftQh Bobbi Brown 從Cos Bar出，品項齊全https://goo.gl/SY4YGb 青少年的潮牌；有SIGMA 刷具 (不用湊單就可以有免運)                      Paul& Joe 也有https://goo.gl/Jl2k9i Diptyque從 saks出貨https://goo.gl/2nmYSN L'Occitane從官網出貨https://goo.gl/l0Tjoe Kiehl's 從saks或是官網出貨https://goo.gl/uGkvrO Clinique官網出貨 (但是官網可能會有七五折)https://goo.gl/rs3k2A Guerlain從Cos Bar出，但是品項沒有很齊全",https://www.ptt.cc//bbs/MakeUp/M.1487026074.A.5C5.html
jay86501 (紅豆煉乳迷你冰),[挑選] 東森電商母親節禮物,Wed Apr 28 18:41:58 2021,是否已讀取發文須知並詳閱版規(Y/N)：Y送禮對象 55y女性 過往使用SKII系列產品但去年因為疫情失業後 就改用開架式保養品了會限定東森電商 單純為了幫朋友做業績因此不考慮其他品牌1.      極地雪玫瑰乳霜(30g)https://i.imgur.com/4QcqZkI.jpg2.      白茶賦活保濕精萃https://i.imgur.com/NoCRhYx.jpg3.      積雪草煥活超導晶露 https://i.imgur.com/UGxfqBt.jpg上面三個好像是今年有拿到亞太美業精品獎的產品講實話分不太出來每個產品有何不同…所以來這邊跟版友求救 感謝,https://www.ptt.cc//bbs/BeautySalon/M.1619606520.A.2F2.html
incaca (喀喀),[情報] 電商歷史價格查詢網站,Sat Nov 14 21:44:40 2020,是否已讀取發文須知並詳閱版規(Y/N)：Y雙11告一段落，我該剁的也都剁光光啦原本可以心滿意足的享用戰利品們沒想到我先生突然丟一個電商歷史價格查詢網站激起我內心的驚濤駭浪啊啊啊～～電商歷史價格查詢https://twbuyer.info/網站僅查價用，無廣告和商業行為，應該算非營利連結？如果還是算有觸犯規定我再馬上移除～～隨手查了一些近期買的品項幸好大致上都在低點購入（鬆了一口氣）Q_Q像是...花王蒸氣眼罩(60入)https://imgur.com/jBaxfgQ高絲雪肌精(500ml*2+100ml*4)https://imgur.com/TrKhx8r雅漾舒護活泉水(300ml*4)https://imgur.com/7t0OLnU近期價格真的都無所遁形很實用的查詢（滅火）網站提供給大家～,https://www.ptt.cc//bbs/BeautySalon/M.1605361482.A.B02.html
csp7382 (771001),[情報] 三大電商母親節活動整理,Mon May  8 17:58:48 2023,"最近要買一些比較高單價的家電，就順便研究了一下幾間比較常買的網購平台，分享一下。PChome活動主頁：https://reurl.cc/0E37dkhttps://i.imgur.com/K9CI3Nv.png1.今天5/8 20:00-23:00，LINE Pay單筆滿$30,000享2,500點回饋2.即日起到5/14，全站指定消費滿額總計送520P幣3.即日起到5/14，全站單筆滿$5,000天天抽萬元旅遊購物金4.即日起到5/14，APP消費累積滿3000登記抽麥當勞蛋捲冰淇淋券5.36大銀行最高21%回饋信用卡回饋活動：https://reurl.cc/7Ra5Kl>>PChome花旗聯名卡最高21%回饋（限量需分期並登錄）>>Pi錢包綁定Pi信用卡最高6%回饋（新卡首刷再享1500P幣）>>中國信託ALL ME卡最高12%回饋6.各大品牌優惠券（現領現折）單品優惠我是看家電為主：https://i.imgur.com/P0x886c.png實際計算優惠分享>>我這次母親節禮物是打算買這組dyson吹風機https://i.imgur.com/Tl7UEyu.png$14,600結帳現打95折（領券現折）=$13,870可領取P幣>>520P（指定小家電滿額登記送）+694P幣（Dyson滿萬送5%P幣）+388P幣(全盈+PAY支付滿額送)=$12,268（未含信用卡回饋）PS這組紅色的有送專屬收納底座（只有紅色送）登記抽活動>>小家電指定品累積滿$5,200登記抽dyson吹風機>>家電指定品單筆消費滿$1登記抽Nespresso 膠囊咖啡機>>APP指定品累積滿$3,000登記抽【麥當勞】蛋捲冰淇淋即享券(排除儲值/電子票券商品)>>家電指定品單筆滿$5,888登記抽10,000P幣>>Dyson指定品單筆滿額登記送碧兒泉日夜奇蹟水/LANVIN淡香精MOMO主頁：https://reurl.cc/RvMyjDhttps://i.imgur.com/Xlno3Gw.png1.每日搶五折券（即日起到5/14，每日各60名，有滿1,000折500和滿500折250）2.到5/8，全站當日滿6,000登記送300mo幣3.到5/9，流行精品 滿2,000登記送200mo幣4.5/1~5/31，當月累積購買4次，且金額達10,000，可登記加碼1%5.今日5/8，消費滿5,000登記送蘭芝超能亮睡美人晚安面膜70ml6.4/26~5/14，不限金額下單登記抽 歌詩達郵輪莎倫娜號雙人海景套房7.5/1~5/14，美妝保養 消費滿100，下單登記抽iPhone 14 Plus8.5/1~5/20，7-11超取免運登記送真飽涼麵-蒜辣麻醬9.銀行最高回饋20%信用卡回饋活動：https://reurl.cc/Ge0KV3>>新光銀行 OU點點卡 最高回饋19.5% (限量登陸)>>momo卡每筆回饋4%無上限（指定品牌最高回饋8%）10.各品牌優惠券Yahoo：主頁：https://reurl.cc/AdZ00Qhttps://i.imgur.com/CTitrGn.png1.銀行最高回饋10%信用卡回饋活動：https://reurl.cc/9V8RvY>>刷花旗/星展/永豐10%回饋（限量需登錄）>>Yahoo聯名卡最高6%回饋2.全站滿5000送500購物金3.超商取貨抽購物金、珍珠黑糖撞奶4.不限金額下單登記抽tokuyo mini零重力玩美椅5.不限金額登記抽cama caf? 500消費折價券6.5/12 LINE導購每筆回饋LINE POINTS 3%7.各品牌優惠券因為我要搶活動名額，比對下來PChome的dyson回饋活動比較多，所以我就先買了，另外也在研究美妝保養品類要在哪裡買除了網站本身的特價之外，記得在買之前也可以比較一下各家導購給的回饋%數，如果跟我一樣要買比較高單價的東西，也可以連信用卡的新戶禮一併研究，這樣CP值會更高。以上簡單分享一下，希望有幫助。",https://www.ptt.cc//bbs/Lifeismoney/M.1683539931.A.4DF.html
XI (MAN),[新聞] 電商祭優惠 決戰雙12,Fri Dec  2 23:59:19 2022,"https://www.chinatimes.com/newspapers/20221202000189-260204?chdtv電商祭優惠 決戰雙1204:10 2022/12/02 工商時報 何英煒https://images.chinatimes.com/newsphoto/2022-12-02/1024/A15A00_P_02_02.jpg雙12購物節是今年電商最後一檔促銷，各家業者均各出奇招。圖／業者提供年終最後一檔購物節雙12即將到來，蝦皮、雅虎、樂天、創業家等業者均祭出優惠。業者表示，由於戶外口罩解封，看好化妝品的銷售，而通膨議題持續延燒，消費者購物更加精打細算。蝦皮購物品牌行銷部長廖君凰表示，雙12做為今年最後一檔購物盛宴，該平台祭出全站免運費及85折優惠。該公司也觀察，今年下半年四大電商趨勢，第一，高通膨時代的來臨，消費者購物更加謹慎，民生用品的銷售量大幅成長。第二，點數經濟成為兵家必爭之地。隨著手機App積點形式的崛起，電商業者紛紛加入積點活動的大餅。第三，免運費、豐富的品牌選擇、划算的價格，以及準確的商品搜尋功能，這四大優勢成為蝦皮購物受到歡迎的主要因素。第四，與病毒共存已經成為常態，逐步解封，戶外旅遊美食商品買氣翻倍。蝦皮購物觀察下半年熱搜關鍵字，口罩居首，益生菌、葉黃素、維他命的保健食品成為熱銷榜常勝軍。隨著國境開放，國內外旅遊商機升溫，行李箱、手提袋，買氣都較去年同期成長1.5倍，露營商品也有2成以上的成長。加上年底聚會多以及足球盛世火熱開打，美食相關的品類需求量也有3成以上的成長。Yahoo奇摩表示，由於戶外口罩解禁令已經頒布，預期將帶動保養化妝品類的買氣。關鍵搜尋字來看，倒數月曆的搜尋成長120倍。交換禮物的搜尋量也增加10倍。看好化妝品的銷售，該公司也祭出消費滿5,000送500的優惠。每天都送最高1,212的購物金。樂天市場表示，雙12購物節是第四季年終壓軸的購物節，該公司從即日起到12月13日，提供千萬優惠，指定銀行還有10％的回饋，月底之前不限金額到7-11取貨可免費喝巧克力熱可可歐蕾。另外如果在樂天國際銀行帳戶開戶，綁定樂天會員帳戶可以賺1,000元。至於創業家，則是提供雙點回饋，包括生活幣有8％，而LINE則是有點數7％的回饋。#銷售 #口罩 #成長 #回饋 #搜尋--佛沒說小乘、大乘。上座部佛教馬哈希尊者《具戒經講記》拆穿假佛教大乘經典的騙局。上座部佛教明昆《南傳菩薩道》是真釋迦牟尼佛的菩薩成佛之道  大乘是假菩薩成佛之道妙法蓮華經 華嚴經 心經 金剛經 楞伽經 梵網經菩薩戒 圓覺經 楞嚴經 是 大乘假佛經阿彌陀佛 藥師佛 是 大乘假佛  觀世音 文殊 普賢 維摩詰 龍樹 地藏王 是 大乘假菩薩https://www.ptt.cc/bbs/IA/M.1588944610.A.D9C.html上座部佛教目犍連子帝須和那先破偽經大乘十方諸佛",https://www.ptt.cc//bbs/Lifeismoney/M.1669996762.A.3DD.html
yachi2016 (),[情報] 高雄首選電商平台 小農補助,Tue Oct 18 14:45:27 2022,#情報分享 目前高雄市有提供政府補助，邀請合作社跟momo配合輔導農民參加電商平台，讓在地小農可以多一個管道曝光來提升收益https://kaohsiungbest.1shop.tw/free2022 不過有限制必須要是「高雄在地」(今年剛開始的好像也可以)而合作後，momo上的照片、文案、排版、訂單追蹤跟管理都會有人幫忙處理，也會協助消費者的退貨農民只需要印標籤出貨和提供產品報價多少，實收多少，不抽成手續費 有需要的都可以推廣給身邊的親朋好友~~ 如果有問題的話，下面聯絡方式也都有人可以解答(周一至周五，9:00-12:00，13:00-17:00)>LINE：http://line.me/ti/p/@012oniur>電話：07-616-5672>地址：高雄市燕巢區中華路200號>粉專：https://www.facebook.com/kaohsiungbest ,https://www.ptt.cc//bbs/Lifeismoney/M.1666075530.A.936.html
hank940011 (少女情總是詩),[情報] Lenovo gaming3系列618電商優惠,Fri Jun 17 16:03:15 2022,"Lenovo電競筆電配3050價格來到最低點，比了一下Momo跟Pchome的價格，同款但規格不太一樣，Momo這台3050最近很划算，不知道活動價什麼時候結束https://i.imgur.com/vz6TvBI.jpg金額：22,900型號: IdeaPad Gaming 3 15ACH6 82K201GQTW處理器：CPU AMD Ryzen 5 5600H (6C / 12T, 3.3 / 4.2GHz, 3MB L2 / 16MB L3)內建記憶體：1x 8GB SO-DIMM DDR4-3200擴充：Up to 16GB DDR4-3200 offering顯示晶片：NVIDIA GeForce RTX 3050 4GB GDDR6, Boost Clock 1500 / 1635MHz, TGP 85W硬碟容量/轉速：512GB SSD M.2 2242 PCIe 3.0x4 NVMe螢幕尺寸：15.6"" FHD (1920x1080) IPS 250nits Anti-glare, 120Hz, 45% NTSC, DC dimmer贈品：有送包鼠https://i.imgur.com/7uFQOiC.jpg比價各平台，這是看到最便宜的RTX(光追)筆電https://www.momoshop.com.tw/goods/GoodsDetail.jsp?i_code=9857692https://i.imgur.com/r6TkFVo.jpg金額：27,990型號：Lenovo Gaming 3 82K201GDTW 15.6吋電競處理器：AMD RYZEN_7_5800H_3.2G_8C_MB記憶體：16GB_DDR4_3200_SODIMM硬碟：512GB_SSD_M.2_2242_NVME_TLC獨立顯卡：RTX3050TI_4GB_G6_128B獨顯顯示器：15.6FHD_AG_300N_165Hz_N_SRGB其他：白光背光鍵盤作業系統：Windows 11 Home (64-bit)保固：2年保固+首年尊榮家用服務 Premium Care贈品：1TB 1年雲端空間https://i.imgur.com/BC7IkYV.jpgPchome的是開高規R7/16G/3050Ti ，3萬內這規格我目前沒看過https://24h.pchome.com.tw/prod/DHBA3X-1900DVBRQ?fq=/S/DHBA3Xhttps://i.imgur.com/kuusQjv.jpg金額：20,990型號：Lenovo Gaming 3 82K201GPTW 15.6吋電競處理器：AMD RYZEN_5_5600H_3.3G_6C_MB記憶體：8GB_DDR4_3200_SODIMM硬碟：512GB_SSD_M.2_2242_NVME_TLC獨立顯卡：GeForce GTX_1650_4GB獨顯顯示器15.6FHD_IPS_AG_250N_120Hz其他：白光背光鍵盤作業系統：Windows 10 Home (64-bit)保固：2年保固+1年 Premium Care贈品：1TB 1年雲端空間https://i.imgur.com/CTBXdfA.jpg或也有開更低規的GTX，不需要光追的話2萬就能打遊戲https://24h.pchome.com.tw/prod/DHBA3X-1900F5F6C?fq=/S/DHBA3X",https://www.ptt.cc//bbs/Lifeismoney/M.1655452997.A.E62.html
Dolphinin10 (snamnm),[情報] 悠遊付電商618年中慶最高回饋策略,Fri Jun 17 11:20:35 2022,"momo：最高 8% 回饋活動期間：2022/6/13 00:00 ~ 2022/6/30 23:59https://lihi1.com/SyuTq/jun_ECC使用悠遊付於 momo 購物網消費，單筆滿 10,000 元回饋悠遊付「800 元指定網購現金回饋券」一張，每訂單限回饋 1 次，單筆不累贈，每悠遊付帳戶於活動期間最多回饋一張，活動限量 625 張PC：最高 8% 回饋活動期間：2022/6/6 00:00 ~ 2022/6/30 23:59https://lihi1.com/X2eiV/jun_ECC使用悠遊付於 PChome 消費，單筆滿 10,000 元回饋悠遊付「800 元指定網購現金回饋券」一張，每訂單限回饋 1 次，單筆不累贈，每悠遊付帳戶於活動期間最多回饋一張，活動限量 310 張東森：最高 16% 回饋活動期間：2022/6/15 00:00 ~ 2022/6/30 23:59https://lihi1.com/zwYT6/offer活動一：悠遊付單筆滿額1,200元送「【東森購物網】100元悠遊付現金回饋券」1張，每訂單限回饋一次，每悠遊付帳戶最多3張，回饋上限2,000張。活動二：活動期間註冊之悠遊付新客，如符合活動一回饋條件，另再加碼回饋「【東森購物網】100元悠遊付現金回饋券」1張，每悠遊付帳戶限回饋一次，回饋上限500張。※活動一、活動二可疊加回饋活動皆是發完為止，額滿將於悠遊卡 Facebook 官方粉絲頁公告目前是還未看到有公告額滿momo、PC是同案型，單筆滿萬回饋800(僅一次)如果6月會買破萬可以選擇momo、PC東森單筆滿額1,200回饋100(可回饋三次)如果首筆是新戶還可以再拿100回饋等於1,200回饋200適合消費金額不大的消費者如果以策略來說就是先找張卡combo然後去東森拿到新戶後面就依照自己購買的金額選擇適合的回饋平台至於各家618的活動很多神人整理了這就不提囉先預祝版友們回饋滿滿大豐收",https://www.ptt.cc//bbs/Lifeismoney/M.1655436038.A.D2A.html
edwin (こんちゃ～),[情報] 7-11 電商平台取貨 送$7抵用券 3/16開始~,Mon Mar 14 17:55:11 2022,活動3/16後天00:00開始!活動3/16後天00:00開始!活動3/16後天00:00開始!【電商平台包裹安心取，限定優惠！】(含交貨便&賣貨便)7-11取件 送7元7-ELEVEn購物抵用券！活動時間：2022/03/16(三)～03/22(二)23:59止兌換時間：2022/3/31(四) 23:59止限量150萬組送完為止！https://imgur.com/OUpk0v1提供給有考慮 蝦皮318活動購物的板友們還有選小7還沒取貨的板友們~再取件時限內 可以選擇等後天午夜之後再去小7取貨＊請記得務必跟店員索取此次活動單!!!不要被某些有心店員的話術瞞混過去＊,https://www.ptt.cc//bbs/Lifeismoney/M.1647251714.A.7D8.html
mmmkefr (龍沙騎士),[情報] 鮮拾電商 金條限時63折 ,Sun Mar 13 18:33:06 2022,如果有一天世界大戰了什麼東西最值錢房子、股票、基金、鈔票 這些應該都不值錢了吧那就買黃金吧這賣68888元 37.5克 1837/克Yahoo 購物中心 2504/克https://bit.ly/3w2wZKAPCHOME  2559/克https://bit.ly/3w3VfMy活動網址：https://bit.ly/36e2PJM活動時間：售完為止活動內容：金條63折，LINE PAY 最高回饋10%價格很殺，不過數量沒幾條,https://www.ptt.cc//bbs/Lifeismoney/M.1647167589.A.5F4.html
edwin (こんちゃ～),[情報] 7-11 電商平台取貨 送$7抵用券 2/9開始~,Tue Feb  8 18:18:14 2022,"活動2/9明天00:00開始!活動2/9明天00:00開始!活動2/9明天00:00開始!電商平台購物安心取(含交貨便&賣貨便)包裹來7-11取件 送7元7-ELEVEn購物抵用券！活動時間：2022/02/09～02/17(四)23:59止兌換時間：2022/02/09～03/03(四)23:59止限量200萬組送完為止！https://imgur.com/e3v4VH2有選小7還沒取貨的板友們~可以選擇等明天午夜之後再去小7取貨＊請記得要跟店員索取,不要被某些有心店員的話術欺騙＊",https://www.ptt.cc//bbs/Lifeismoney/M.1644315497.A.124.html
books131 (b88554311),[情報] 電商歷史價格查詢網站,Wed Nov 10 14:16:39 2021,看新聞介紹這個電商歷史價格查詢的網站https://twbuyer.info/半信半疑測試了一下MOMO上的麥香紅茶箱購網址，跑出了下面這個圖，恩…它說現在是歷史最低價$199https://i.imgur.com/yoBoxXI.jpg上MOMO APP下單後購物車內真的是折價到$199/箱24入https://i.imgur.com/13qBbww.jpg覺得好用~ 分享給大家 :),https://www.ptt.cc//bbs/Lifeismoney/M.1636525001.A.16E.html
goldfishfour (goldfishfour),[情報] 街口購物節突襲加碼電商券,Wed Nov  3 22:55:18 2021,剛看省錢版還沒有這個資訊速來分享！！！！！https://i.imgur.com/wi7QwSJ.jpghttps://i.imgur.com/34MFTh4.jpg明天真的要設鬧鐘了,https://www.ptt.cc//bbs/Lifeismoney/M.1635951320.A.57A.html
Dieler (winter sun),Re: [情報] 全國電子買高島按摩椅比電商划算,Wed Oct  6 18:35:44 2021,※ 引述《Dieler (winter sun)》之銘言：: 找按摩家電比價找到這活動: 線上選購☞ https://bit.ly/3CCVIFI: 門市體驗☞ https://bit.ly/3fpOqvF: https://imgur.com/rrPc5eX.jpg: 全國電子為了壓住鬼屋: 持續洗白中: 不過洗不洗的白還是要再觀察: 仔細比一下 並不是全部商品都比較划算: 但按摩坐墊的話有划算到: 下手前還是要比比: 剛黃色打成藍色今天去家樂福得知最近是高島按摩椅週年慶讓我覺得全國電子真的慘...到底要不要認真洗白https://imgur.com/g5XAiz9.jpg基本上高島自家週年慶都比全國電子活動更便宜一張按摩椅的價差到3萬我是在想是活動時間開跑先後順序的差別啦不過現在有按摩椅週年慶活動了以後誰還買全國電子,https://www.ptt.cc//bbs/Lifeismoney/M.1633516546.A.66D.html
Dieler (winter sun),[情報] 全國電子買高島按摩椅比電商划算,Mon Oct  4 14:13:38 2021,找按摩家電比價找到這活動線上選購☞ https://bit.ly/3CCVIFI門市體驗☞ https://bit.ly/3fpOqvFhttps://imgur.com/rrPc5eX.jpg全國電子為了壓住鬼屋持續洗白中不過洗不洗的白還是要再觀察仔細比一下 並不是全部商品都比較划算但按摩坐墊的話有划算到下手前還是要比比剛黃色打成藍色,https://www.ptt.cc//bbs/Lifeismoney/M.1633328021.A.31B.html
tonylaio (那是無盡透明的思念),Re: [情報] 街口指定電商消費送星巴克美式,Tue Sep 28 15:07:23 2021,hi all剛街口跳出來通知星巴克回饋券來了https://i.imgur.com/mgTvm3e.jpg效期只有2天到9/30有參加活動的版友可以去街口支付右上的小鈴鐺    看看※ 引述《pp1234wang (暱稱)》之銘言：: 街口支付在指定電商（mono 、pchome24h、博客來、生活市集、911app合作品牌）不限?: 額消費，並填寫「參加表單」者，可獲得星巴克大杯美式咖啡一杯（限三萬名）。: https://i.imgur.com/ZWFoggL.jpg--Sent from nPTT on my iPhone 12 Pro,https://www.ptt.cc//bbs/Lifeismoney/M.1632812846.A.AE7.html
pp1234wang (暱稱),[情報] 街口指定電商消費送星巴克美式,Mon Sep 20 07:19:37 2021,街口支付在指定電商（mono 、pchome24h、博客來、生活市集、911app合作品牌）不限金額消費，並填寫「參加表單」者，可獲得星巴克大杯美式咖啡一杯（限三萬名）。https://i.imgur.com/ZWFoggL.jpg,https://www.ptt.cc//bbs/Lifeismoney/M.1632093579.A.CAE.html
Ken52039 (Ken Huang),[情報] 街口支付 電商不限金額結帳送星巴克,Wed Sep  1 19:02:45 2021,https://i.imgur.com/XIdUBIT.jpg如圖不限金額網購結帳並登記表單：https://pse.is/3mp8yl就送星巴克大杯咖啡我的用法是搭配今天的LINE購物紅包買Pchome即享券，儲值金扣到剩一元街口支付結帳坐等咖啡入帳,https://www.ptt.cc//bbs/Lifeismoney/M.1630494187.A.A67.html
kkiioo (),[情報] OPI電商通路生日慶全館6折起,Wed May 12 19:37:06 2021,活動時間：5/12-5/18今天看到的 是OPI的官方網路通路現在是生日慶 有全館六折起https://i.imgur.com/byh26Ng.jpg滿額送的東西也都還不錯 也有直接折價的我目前購物車的金額是已經可以送去光水了XD分享給大家網址這邊 https://reurl.cc/AgQMjK----Sent from BePTT on my iPhone XR,https://www.ptt.cc//bbs/Lifeismoney/M.1620819428.A.C77.html
JimJimJim (JimJimJim),Fw: [情報] 5/5前指定電商街口支付滿888元回饋100元,Sat May  1 09:26:52 2021,※ [本文轉錄自 MobilePay 看板 #1WZAuQ42 ]作者: JimJimJim (JimJimJim) 看板: MobilePay標題: [情報] 5/5前指定電商街口支付滿888元回饋100元時間: Sat May  1 09:25:44 2021先附活動連結網址：https://event.jkos.com/promotions/A/ecommercey01/20210501/index.html活動時間與辦法：2021/5/1(六)~5/5(三)於「指定電商」選擇「街口支付」付款，單筆消費滿888元享100元現金回饋。(活動期間每人於所有指定電商合計回饋1次，限量2.5萬名，額滿為止) 本活動僅限使用「街口帳戶」餘額付款、連結「銀行帳戶」扣款或「街口聯名卡」綁定街口+APP付款。聯名卡跟帳戶回饋就自看連結網址內容指定電商：https://i.imgur.com/Dr5jqhw.jpg肉身實測8044儲值888元有拿到回饋，直接給連結(目前補貨中)，有需要的人就自參：https://24h.m.pchome.com.tw/prod/DECJ7I-A900B9M1M沒什麼好笑死的，什麼什麼卡本來就不是每個人都有，莫忘世上苦人多--省錢用正道，用正道省錢,https://www.ptt.cc//bbs/Lifeismoney/M.1619832413.A.C45.html
oochein (歐歐茜),[情報] 環球電商貝恩濕紙巾5折,Mon Mar  8 14:25:42 2021,先上活動連結https://shop.twglobalmall.com/Product/104624https://imgur.com/zOLgDtB.jpg雖然官網標示是1199但實際結帳金額是947(免運)個人還蠻喜歡這個牌子的 換算下來一包39.5塊左右很划算 但活動日期今天最後一天 分享給你們,https://www.ptt.cc//bbs/Lifeismoney/M.1615184745.A.D39.html
somelow (中毒者),[情報]  全國電子電商女王節,Sat Mar  6 13:38:15 2021,剛剛看了一下應該沒有OP？冷氣的部分應該還蠻優惠的，有打到9折夏天快來了，趁春天冷氣打折把家裡冷氣換成省電也不錯活動說明3/5-3/9 全面冷氣9折空氣清淨機單品滿15000送樂美雅法國原裝烤盤組（市價5490）網址：https://web.elifemall.com.tw/zh/showDm.php?cat=e,https://www.ptt.cc//bbs/Lifeismoney/M.1615009097.A.580.html
無,無,無,作者: kfcpkcpc (心情差) 看板: Lifeismoney標題: [情報] 家樂福新仁店 1/7-1/9單筆購買家電商品滿時間: Wed Jan  6 20:26:27 20211/7-1/9單筆購買家電商品每滿2000元即贈200元家電現金折價卷(單筆最高送10000元)公司尾牙商品.保暖電器商品趕快來 #家樂福 選購活動詳情及限制，請洽家電服務人員。需有會員資格https://reurl.cc/AgnLqp發文時可用 Ctrl+Y 刪除以下提醒。若文章易引起多人推文違規(ex：推薦碼、徵求、合購、交易) 建議於文章放上紅色提醒請注意！禁止發表有關[抽獎]、[紅利/推薦碼](含間接暗示等 ex:站內信)之文章/推文情報文三十天內限發10篇!(自刪/被刪亦佔額度)，亦禁止發推文代(合)購、徵求！另請注意情報網址規範 www.ptt.cc/bbs/Lifeismoney/M.1547126933.A.983.html地方性活動標題請註明地區，網路優惠請在標題註明網站名稱(如網站為該商品官網可不註明)違者視情況刪除，短期多次違規者水桶7天,https://www.ptt.cc//bbs/Lifeismoney/M.1609935989.A.D74.html
Anita523 (不要從我的眼中離開),Re: [問卦] 如果是自己想鑽電商平台漏洞被騙還可以怪平台嗎,Sat Jun  3 14:19:28 2023,"其實大概有八成的詐騙都是騙白癡或是抓著人貪心的一面，自己被騙還要怪平台上有詐騙，正常來說電商平台都是在站內交易，被誘導到站外交易不就是個人不當行為嗎^_^※ 引述《Anita523 (不要從我的眼中離開)》之銘言：: ※ [本文轉錄自 e-shopping 看板 #1aUVUYWV ]: 作者: ssqforever (露比汪) 看板: e-shopping: 標題: [閒聊] 三方詐騙經驗分享+買/賣家交易時注意事項: 時間: Fri Jun  2 22:07:28 2023:: 相信大家都知道現在網路上有許多詐騙手法: 無論是警方還是平台方都時常加強宣導防詐資訊: 但詐騙手法千奇百怪 防不勝防: 所以各位的警覺性還是要拉高！: 以下想分享我個人的經驗來提醒各位:: --------------------------------:: 我之前在臉書上的二手相機社團交易過: 當時買家要求我轉到蝦X賣場上下單: 因此我就被他引導到蝦X上交易: 我也不疑有他因為在蝦X上就有直接配合的物流: 而且在金錢交易的部份也比在臉書方便: 又加上我那時的認知是只有買家才可能被詐騙: 沒想過賣家也有被詐騙的風險:: 接下來要開始交易時買家就突然問題一大堆: 他說我的賣場不能交易 要用轉帳的方式交易: 然後開始跟我要了一些個資: 原本只是為一些基本資料而已: 感覺沒什麼風險所以就給他了: 等到他問到我的銀行帳號時: 我才真正意識到危險性 即時打斷對話: 趕快去網路上查有沒有人遇過類似情況: 果然這就是所謂的三方詐騙: 而且如果說我繼續傻傻的被騙下去: 我的蝦X帳戶最後可能就會變成警示帳號...:: 自此之後我在任何平台只要感到有點怪怪的就會馬上去搜尋: 或是直接去問官方客服解答困惑:: --------------------------------:: 以下我整理了一些賣/買家交易時可以注意的事項：: 1.注意買/賣家用戶是否有「驗證標章」或是各種認證標示: 2.將交易以及對話留在平台內不連外: 2.使用平台不太可能會以QR code、LINE簡訊、電子郵件等等方式引導到其他外部連結: 3.不提供任何金融相關資訊、驗證碼、授權碼、帳號密碼等等: 4.條件允許的話可選擇面交並在當場確認物品再進行金錢的交易: （但是要注意人身安全 盡量找人陪同！）: 5.有任何問題、疑慮都可以直接提出千萬不要不好意思或害羞！:: 希望大家都能在這網路資安危險的時代: 進行安全的交易不要受騙上當: 有問題都可以直接尋求客服: 但大家找客服也要注意確認聯繫的是官方客服: 查驗的方法可以直接看平台官網資訊打電話過去確認: 或是用官網所附的客服連結聯繫: 因為現在的詐騙人士很常會用假客服串通: 讓人誤以為是官方以此放下戒心: 所以一定要先確認好以防詐騙！:: 直接問客服的話官方可以協助查驗該帳號是否存在詐騙行為: 如果是的話也能有辦法讓相關部門處置進行停權等等: 我現在只要一有疑慮或是遇到操作上的問題都會馬上聯繫客服: 之前在旋轉也有收到詐騙的訊息，就立刻問他們客服: 他們回得算快的，也滿仔細: https://i.imgur.com/VSHcSt2.png: https://i.imgur.com/Xx2HNB2.jpg: https://i.imgur.com/cITjEvr.jpg: https://i.imgur.com/7EiupCZ.png: https://i.imgur.com/SPkC6xX.jpg: 只要你有問題就多問不要怕不要不好意思: 反正客服也不會跟你收錢XD: 有時官方也會直接教如何判別詐騙、釣魚網站的撇步: 無論是交易、貨物、物流等方面: 總之掌握越多資訊都能有效讓詐騙的風險降到最低: 以上是我的個人經驗分享: 希望能幫到他人在網路購物時遠離詐騙！！！:: --: ※ 發信站: 批踢踢實業坊(ptt.cc), 來自: 27.53.105.228 (臺灣): ※ 文章網址: https://www.ptt.cc/bbs/e-shopping/M.1685714850.A.81F.html:: ※ 編輯: ssqforever (27.53.105.228 臺灣), 06/02/2023 22:12:25: 推 a741236985: 推                                    111.249.1.183 06/02 22:17: 推 sherii57928: 現在網路詐騙手法層出不窮，自身真的  118.232.62.202 06/02 22:17: → sherii57928: 要提高警覺避免受騙                  118.232.62.202 06/02 22:17: 推 c800: 越來越多詐騙，帳號跟錢都不要交給其他人，     39.9.230.203 06/02 22:21: → c800: 有疑慮就要查證一下！                         39.9.230.203 06/02 22:21: 推 n0412n0412: 蝦皮多抽6%手續費 也沒有變得比較安      223.137.4.93 06/02 22:29: → n0412n0412: 全==                                   223.137.4.93 06/02 22:29: 推 m9o2o: 推                                         122.121.40.60 06/02 22:29: 推 hyuckkimo: 蝦皮根本就是made in China，詐騙真的    111.71.214.55 06/02 22:36: → hyuckkimo: 有夠多...                              111.71.214.55 06/02 22:36: 推 Anita523: 推整理跟分享，大家一起提高防範意識，    114.25.59.123 06/02 22:36: → Anita523: 多查驗保持高度警覺，不要讓有心人士得    114.25.59.123 06/02 22:36: → Anita523: 逞！                                    114.25.59.123 06/02 22:36: 推 steffi2: 現在詐騙方法越來越多 感謝分享               39.15.8.25 06/02 22:48: 推 littlerivia: 實用推！                              1.200.37.201 06/02 22:55: 推 MisuzuXD: 為什麼上面寫蝦X後面圖是旋轉拍賣?       111.255.25.148 06/02 22:55: → littlerivia: 回樓上，看起來像是之前在蝦皮差點被    1.200.37.201 06/02 23:01: → littlerivia: 騙，後來用旋轉也有遇到類似的狀況      1.200.37.201 06/02 23:01: 推 niou: 推                                        118.171.221.178 06/02 23:04: 推 cd8275: 推                                       111.240.37.103 06/02 23:21: 推 chiahui7713: 推                                  49.216.129.187 06/02 23:49: 推 z1288: 就不要場外私下交易                         27.53.113.117 06/03 00:06: 推 shoinchang: 推推！                                101.3.116.136 06/03 00:23: 推 Smallwuu: 推                                      223.139.97.34 06/03 00:27: → tomsawyer: 給存摺本身不是問題 是他說不能交易太    1.200.107.188 06/03 00:27: → tomsawyer: 可疑 如果本身就想繞過蝦皮手續費就會    1.200.107.188 06/03 00:27: → tomsawyer: 採取這個方式 只是買家會比較沒有保障    1.200.107.188 06/03 00:27: 推 ashkaze: 推                                        114.27.18.53 06/03 00:30: 推 applewarm: 推推                                      101.9.96.0 06/03 00:36:: ※ 編輯: ssqforever (27.53.105.228 臺灣), 06/03/2023 01:57:08: 推 goldmask: 推                                     36.225.213.140 06/03 02:03: 推 airost: 推                                       111.82.252.248 06/03 09:10: → cp296633: 蝦皮現在8.2~9.4%了 手續費要在乘金流     114.36.169.82 06/03 10:20: 推 error123: 這跟蝦皮什麼關系，看起來就是場外交易     36.229.36.98 06/03 10:52: → error123: 蝦皮/旋轉/賣貨便/好賣+都有               36.229.36.98 06/03 10:53: → error123: 其中臉書市集最多                         36.229.36.98 06/03 10:53: → error123: 你用蝦皮賣場，然後不是從聊聊得知賣場     36.229.36.98 06/03 10:54: → error123: 故障就該警覺了                           36.229.36.98 06/03 10:54: 推 error123: https://i.imgur.com/d8eTZa6.jpg          36.229.36.98 06/03 10:56: → error123: https://i.imgur.com/Bbpp02L.jpg          36.229.36.98 06/03 10:56: → error123: https://i.imgur.com/figGd78.jpg          36.229.36.98 06/03 10:56: 推 error123: 在臉書賣東西，10個有9個買家都是詐騙      36.229.36.98 06/03 10:58: → error123: 我都直接扔賣場連結，不能下標就封鎖       36.229.36.98 06/03 10:59: 推 Anita523: http://pesc.pw/4xmqq7                   114.25.59.123 06/03 11:06: → Anita523: 重點摘要 蝦皮罰20w 誠品罰10w 旋轉過     114.25.59.123 06/03 11:06: → Anita523: 關 詐騙手法：詐騙偽裝成買家賣家，然     114.25.59.123 06/03 11:06: → Anita523: 後把人導到平台外騙取個資 有問題就問     114.25.59.123 06/03 11:06: → Anita523: 客服，不要瞎搞 結論：沒事不要點連結     114.25.59.123 06/03 11:06: → Anita523: ，害自己被騙再來怪平台                  114.25.59.123 06/03 11:06: 推 NTUelite56: 看原po截圖，旋轉客服也是一直強調說   223.137.239.62 06/03 11:07: → NTUelite56: 「外部連結不要點！！！」「要檢查網   223.137.239.62 06/03 11:07: → NTUelite56: 址！！！」「那不是我們！！！」總之   223.137.239.62 06/03 11:07: → NTUelite56: 跟原po一樣的想法，覺得怪怪的直接問   223.137.239.62 06/03 11:07: → NTUelite56: 官方客服就對了                       223.137.239.62 06/03 11:07: → NTUelite56: 不要傻傻的 自己把 資訊都給出去，正   223.137.239.62 06/03 11:07: → NTUelite56: 常交易是不會需要這麼多額外的資料的   223.137.239.62 06/03 11:07: → NTUelite56: ！                                   223.137.239.62 06/03 11:07: 推 Kelsier27: 推 感謝分享                            101.10.13.160 06/03 11:47: 推 shanlin: 重點是繞過平台的交易，不是在平台上買東  114.136.83.195 06/03 14:02: → shanlin: 西，指責也要看清楚內容不然下次也有可能  114.136.83.195 06/03 14:02: → shanlin: 被一樣的手法騙                          114.136.83.195 06/03 14:02: ※ 發信站: 批踢踢實業坊(ptt.cc): ※ 轉錄者: Anita523 (114.25.59.123 臺灣), 06/03/2023 14:12:53: 推 jupei: 謝謝分享                                 111.243.138.199 06/03 14:18",https://www.ptt.cc//bbs/Gossiping/M.1685773169.A.EA8.html
Anita523 (不要從我的眼中離開),[問卦] 如果是自己想鑽電商平台漏洞被騙還可以怪平台嗎,Sat Jun  3 14:12:53 2023,※ [本文轉錄自 e-shopping 看板 #1aUVUYWV ]作者: ssqforever (露比汪) 看板: e-shopping標題: [閒聊] 三方詐騙經驗分享+買/賣家交易時注意事項時間: Fri Jun  2 22:07:28 2023 相信大家都知道現在網路上有許多詐騙手法無論是警方還是平台方都時常加強宣導防詐資訊但詐騙手法千奇百怪 防不勝防所以各位的警覺性還是要拉高！以下想分享我個人的經驗來提醒各位 -------------------------------- 我之前在臉書上的二手相機社團交易過當時買家要求我轉到蝦X賣場上下單因此我就被他引導到蝦X上交易我也不疑有他因為在蝦X上就有直接配合的物流而且在金錢交易的部份也比在臉書方便又加上我那時的認知是只有買家才可能被詐騙沒想過賣家也有被詐騙的風險 接下來要開始交易時買家就突然問題一大堆他說我的賣場不能交易 要用轉帳的方式交易然後開始跟我要了一些個資原本只是為一些基本資料而已感覺沒什麼風險所以就給他了等到他問到我的銀行帳號時我才真正意識到危險性 即時打斷對話趕快去網路上查有沒有人遇過類似情況果然這就是所謂的三方詐騙而且如果說我繼續傻傻的被騙下去我的蝦X帳戶最後可能就會變成警示帳號... 自此之後我在任何平台只要感到有點怪怪的就會馬上去搜尋或是直接去問官方客服解答困惑 -------------------------------- 以下我整理了一些賣/買家交易時可以注意的事項：1.注意買/賣家用戶是否有「驗證標章」或是各種認證標示2.將交易以及對話留在平台內不連外2.使用平台不太可能會以QR code、LINE簡訊、電子郵件等等方式引導到其他外部連結3.不提供任何金融相關資訊、驗證碼、授權碼、帳號密碼等等4.條件允許的話可選擇面交並在當場確認物品再進行金錢的交易（但是要注意人身安全 盡量找人陪同！）5.有任何問題、疑慮都可以直接提出千萬不要不好意思或害羞！ 希望大家都能在這網路資安危險的時代進行安全的交易不要受騙上當有問題都可以直接尋求客服但大家找客服也要注意確認聯繫的是官方客服查驗的方法可以直接看平台官網資訊打電話過去確認或是用官網所附的客服連結聯繫因為現在的詐騙人士很常會用假客服串通讓人誤以為是官方以此放下戒心所以一定要先確認好以防詐騙！ 直接問客服的話官方可以協助查驗該帳號是否存在詐騙行為如果是的話也能有辦法讓相關部門處置進行停權等等我現在只要一有疑慮或是遇到操作上的問題都會馬上聯繫客服之前在旋轉也有收到詐騙的訊息，就立刻問他們客服他們回得算快的，也滿仔細https://i.imgur.com/VSHcSt2.pnghttps://i.imgur.com/Xx2HNB2.jpghttps://i.imgur.com/cITjEvr.jpghttps://i.imgur.com/7EiupCZ.pnghttps://i.imgur.com/SPkC6xX.jpg只要你有問題就多問不要怕不要不好意思反正客服也不會跟你收錢XD有時官方也會直接教如何判別詐騙、釣魚網站的撇步無論是交易、貨物、物流等方面總之掌握越多資訊都能有效讓詐騙的風險降到最低以上是我的個人經驗分享希望能幫到他人在網路購物時遠離詐騙！！！ ,https://www.ptt.cc//bbs/Gossiping/M.1685772774.A.667.html
bUnUd (妖尼姑!!妖尼姑!),[問卦] 鄭家純在找「電~~~~電商行銷助理」,Thu May 25 03:12:11 2023,最近鄭家純在找「電~~~~電商行銷助理」https://i.imgur.com/cGl3zLO.jpghttps://www.facebook.com/photo/?fbid=781461270017881&set=a.270600054437341有誰知道 「電商行銷助理」要做什麼嗎??鄭家純的「電商行銷助理」會有一對一的服務嗎????,https://www.ptt.cc//bbs/Gossiping/M.1684955535.A.B9C.html
sska (阿帕絲),Re: [問卦] 蝦皮是不是還是很猛的電商？,Mon May  8 14:24:55 2023,※ 引述《Daniel0712 (阿呆)》之銘言：: 如題: 看到很多人覺得蝦皮沒以前優惠: 但是還是看到很多人買: 蝦皮是不是在台灣還是很猛的電商: 有時候要買東西用免運: 有沒有卦: 卦？你指的優惠是什麼？ 免運嗎？那的確是 蝦皮三不五時就有免運 這的確很吸引人但蝦皮只是一個平台 私人店家才是主角吧？一堆賣很貴 甚至也有假貨 你不知道嗎？還是要自己過濾和比較吧便宜也是私人店家便宜 和蝦皮無關啊對了 蝦皮和淘寶都是良莠不齊 好店家 爛店家都有對了 你知道ptt阿金Nice69 有在蝦皮賣帳號嗎？不知道的話就遜了https://i.imgur.com/Avr4Vqi.jpg對了 阿金Nice69有去龍板聚會 和龍板的板友都很好群組長廖化也一起聚會小組長味丹哥也和廖化很好 也有一起聚會過大家一起來尋找 阿金大地主假524凱文哥廖化集團的關聯性建立運動群組制序和破壞制序的會是同一批人嗎？呵呵 有興趣的人 可以多多注意一下對了 阿金的活動範圍很廣 是破壞ptt制序才對還有 阿金大地主假524的帳號幾乎是無限 源源不絕,https://www.ptt.cc//bbs/Gossiping/M.1683527099.A.59E.html
louiswei1986 (禪寶寶),Re: [問卦] 蝦皮是不是還是很猛的電商？,Mon May  8 14:17:25 2023,蝦皮現在只贏在他有淘寶的跨境，貪小便宜的塔綠斑，又想買淘寶又拉不下臉，所以只能透過蝦皮買騙自己我是買蝦皮阿~小東西通過Y拍面交其實也更便宜，大的電器什麼的反而MOMO之類的還含安裝，蝦皮如果你買純台灣的東西也不見得最便宜。※ 引述《Daniel0712 (阿呆)》之銘言：: 如題: 看到很多人覺得蝦皮沒以前優惠: 但是還是看到很多人買: 蝦皮是不是在台灣還是很猛的電商: 有時候要買東西用免運: 有沒有卦: 卦？,https://www.ptt.cc//bbs/Gossiping/M.1683526648.A.2BD.html
Daniel0712 (阿呆),[問卦] 蝦皮是不是還是很猛的電商？,Mon May  8 14:04:29 2023,如題看到很多人覺得蝦皮沒以前優惠但是還是看到很多人買蝦皮是不是在台灣還是很猛的電商有時候要買東西用免運有沒有卦卦？,https://www.ptt.cc//bbs/Gossiping/M.1683525871.A.021.html
kmter5566 (giveme500),Re: [問卦] 館長最新電商商標登場,Fri May  5 02:56:54 2023,館長最新商標又被酸了跟套圖長的有點像https://i.imgur.com/o2QWuxv.jpghttps://i.imgur.com/dNW87tb.jpg酸民真的很可惡爺爺花大錢用最頂的團隊居然拿去跟便宜套圖比,https://www.ptt.cc//bbs/Gossiping/M.1683226616.A.E9A.html
songgood (ilovegoodgame),Re: [新聞] 電商「涮肉照」遭控盜圖！館長喊冤：付費,Thu May  4 19:29:36 2023,覺得館長沒意識到一件事是不是有人想搞他今天還好是放Ａ5和牛要是那個東南亞貓肉狗肉兔肉片我看不被噴爆只能慶幸放的是牛肉--https://i.imgur.com/t5F7Jy5.jpg哎呦 你臉紅了,https://www.ptt.cc//bbs/Gossiping/M.1683199778.A.8FC.html
leon131417 (),Re: [新聞] 電商「涮肉照」遭控盜圖！館長喊冤：付費,Thu May  4 19:24:31 2023,不是館粉但想說幾句話這才叫高度好嗎啊館已經沈住氣苦口婆心的跟黑粉說明了要是以前的啊館 肯定跟你沒完沒了我很佩服 這才叫氣度黑粉看到沒 換做是你 被人三天兩頭的亂噴你還會平心靜氣的跟人講事情嗎夠了吧不信問聊天室是不是 是不是對ㄚ※ 引述《hbl420ii (REVE)》之銘言：: 1.媒體來源:: 新頭殼: 2.記者署名:: 范婕葳: 3.完整新聞標題:: 電商「涮肉照」遭控盜圖！館長喊冤：付費圖庫: 4.完整新聞內文:: 網紅「館長」陳之漢一直都是熱門的爭議人物，近年來跨足電商產業，先前才被實況主: Toyz（劉偉建）指出，館長電商平台賣的東西，在別的平台上可以用更低廉的價格買到，: 引發爭議。近日又被網友發現，電商網站上兩項冷凍豬肉產品的宣傳照和菲律賓某肉商的: 「撞圖」，被質疑是否盜圖。對此，館長昨(3)日也出面向網友解釋，宣傳照都來自於付: 費的圖庫，可合法作為商業使用。: 近日有網友在PTT以「館長的豬肉宣傳圖怎摸這摸X」為題發起討論，並貼出館長電商平台: 上，台灣梅花豬、台灣豬五花的宣傳照，只見這兩種肉款皆使用同一張刷肉照，且被網友: 發現該刷肉照用的肉是和牛。此外，更有網友指出，菲律賓某肉品批發商臉書貼文使用的: 照片，與館長電商的涮肉照是同一張，因此引來網友們開酸「質感太好了吧，豬肉拍出和: 牛的效果」、「最頂的團隊」、「製圖部厲害」。: 對此，館長昨晚也開直播針對「涮肉照風波」進行解釋，開頭他就強調照片是在網路圖庫: 付費下載的，並曬出付款記錄佐證，並表示公司找和牛的涮肉照當示意圖，只是為了表達: 「肉刷下去，看起來好吃」，並且只是當背景，「你管他是牛肉還是豬肉？好看就好了」: ，更表示品名都寫得一清二楚，「除非你不懂中文字，這個沒什麼好爭執的」。自己公司: 付費買圖，卻被說成是盜圖，讓館長相當生氣，無奈問網友「我想請問一下，我到底哪裡: 做錯事情了？」。: 5.完整新聞連結 (或短網址)不可用YAHOO、LINE、MSN等轉載媒體:: https://newtalk.tw/news/view/2023-05-04/869473: 6.備註:: 館長又打臉一次館黑了-----Sent from JPTT on my iPhone,https://www.ptt.cc//bbs/Gossiping/M.1683199474.A.992.html
hbl420ii (REVE),[新聞] 電商「涮肉照」遭控盜圖！館長喊冤：付費,Thu May  4 15:32:32 2023,1.媒體來源:新頭殼2.記者署名:范婕葳3.完整新聞標題:電商「涮肉照」遭控盜圖！館長喊冤：付費圖庫4.完整新聞內文:網紅「館長」陳之漢一直都是熱門的爭議人物，近年來跨足電商產業，先前才被實況主Toyz（劉偉建）指出，館長電商平台賣的東西，在別的平台上可以用更低廉的價格買到，引發爭議。近日又被網友發現，電商網站上兩項冷凍豬肉產品的宣傳照和菲律賓某肉商的「撞圖」，被質疑是否盜圖。對此，館長昨(3)日也出面向網友解釋，宣傳照都來自於付費的圖庫，可合法作為商業使用。近日有網友在PTT以「館長的豬肉宣傳圖怎摸這摸X」為題發起討論，並貼出館長電商平台上，台灣梅花豬、台灣豬五花的宣傳照，只見這兩種肉款皆使用同一張刷肉照，且被網友發現該刷肉照用的肉是和牛。此外，更有網友指出，菲律賓某肉品批發商臉書貼文使用的照片，與館長電商的涮肉照是同一張，因此引來網友們開酸「質感太好了吧，豬肉拍出和牛的效果」、「最頂的團隊」、「製圖部厲害」。對此，館長昨晚也開直播針對「涮肉照風波」進行解釋，開頭他就強調照片是在網路圖庫付費下載的，並曬出付款記錄佐證，並表示公司找和牛的涮肉照當示意圖，只是為了表達「肉刷下去，看起來好吃」，並且只是當背景，「你管他是牛肉還是豬肉？好看就好了」，更表示品名都寫得一清二楚，「除非你不懂中文字，這個沒什麼好爭執的」。自己公司付費買圖，卻被說成是盜圖，讓館長相當生氣，無奈問網友「我想請問一下，我到底哪裡做錯事情了？」。5.完整新聞連結 (或短網址)不可用YAHOO、LINE、MSN等轉載媒體:https://newtalk.tw/news/view/2023-05-04/8694736.備註:館長又打臉一次館黑了,https://www.ptt.cc//bbs/Gossiping/M.1683185554.A.03E.html
kenny1300175 (蘇湖),[新聞] 電商挨轟「豬肉變和牛」還撞圖！館長揭真相氣炸：我到底哪裡做錯？,Thu May  4 00:34:21 2023,備註請放最後面 違者新聞文章刪除1.媒體來源: 民視※ 例如蘋果日報、自由時報（請參考版規下方的核准媒體名單）※ Yahoo、MSN、LINE等非直接官方新聞連結不被允許2.記者署名: 陳冠宇※ 若新聞沒有記者名字或編輯名字，請勿張貼，否則會被水桶14天※ 外電至少要有來源或編輯 如:法新社3.完整新聞標題: 電商挨轟「豬肉變和牛」還撞圖！館長揭真相氣炸：我到底哪裡做錯？※ 標題沒有完整寫出來 ---> 依照板規刪除文章4.完整新聞內文:網紅「館長」陳之漢除了發展健身房事業，近年來更跨足電商、餐飲業，屢屢掀起話題，然而近日卻被網友發現，館長電商網站上的宣傳照疑似出包，兩項豬肉產品都使用同一張和牛「刷肉照」，還和菲律賓肉商「撞圖」，引來網友疑慮。對此，館長今（3）日晚間也在直播上澄清，強調所有的圖片都是來自付費網路圖庫，曬出付款紀錄澄清沒有盜圖，對於網友質疑豬肉商品卻用「和牛」的刷肉照，他回說放那張圖的用意，就只是照片拍的不錯「有好吃的感覺！」，才會拿來當示意圖，且文案都有標明肉品是豬肉或牛肉。有網友日前在PTT發文，以「館長的豬肉宣傳圖怎摸這摸X」為題，原來他發現館長電商平台上，在台灣梅花豬、台灣豬五花的頁面都使用同一張刷肉照，仔細一看，卻發現刷肉照用的肉是和牛，忍不住吐槽「質感太好了吧，豬肉拍出和牛的效果」，儘管下方註明「圖片僅供參考，以實物為準」，但仍引來不少網友的批評。https://i.imgur.com/e8LM9nl.jpg館長電商平台宣傳照疑似出包，兩項豬肉產品都使用同一張和牛「刷肉照」。（圖／翻攝「惡名昭彰」官網）除此之外，也有眼尖網友發現館長電商平台使用的刷肉照片，與菲律賓一間肉品批發商「The Holy Gyu」2020年貼文使用的是同一張，再度引來網友議論。對此，館長也在3日晚間開直播澄清，針對「撞圖」疑慮，他曬出付款紀錄澄清所有圖片都是來自付費圖庫，到期日為今年10月13日，強調所有圖片都是付費購買、合法使用，「我想請問一下，我到底哪裡做錯事情？」，並沒有盜圖疑慮。https://i.imgur.com/25zxe6n.jpg館長曬出圖庫購買證明澄清，強調圖片都是付費購買、合法使用。（圖／翻攝館長惡名昭彰YouTube頻道）另外對於外界質疑平台「放錯圖片」，用和牛當豬肉的示意圖，館長解釋「他那個東西就是肉刷下去，看起來好吃（的圖片），只是拿來當背景，你管他是牛肉還是豬肉？他不代表我賣的是什麼肉，他只是刷火鍋的示意圖」，強調他們只是認為這張照片漂亮，才會付費購買拿來當背景，「除非你不懂中文字，這個沒什麼好爭執的」。※ 社論特稿都不能貼！違者刪除（政治類水桶3個月)，貼廣告也會被刪除喔！可詳看版規5.完整新聞連結 (或短網址)不可用YAHOO、LINE、MSN等轉載媒體:https://www.ftvnews.com.tw/news/detail/2023503W0341※ 當新聞連結過長時，需提供短網址方便網友點擊6.備註:※ 一個人一天只能張貼一則新聞(以天為單位)，被刪或自刪也算額度內，超貼者水桶，請注意※ 備註請勿張貼三日內新聞(包含連結、標題等),https://www.ptt.cc//bbs/Gossiping/M.1683131663.A.E22.html
KENDO777 (KENDO777),[問卦] 館長最新電商商標登場,Wed May  3 22:18:33 2023,如題館長剛剛直播釋出最新的惡名昭彰商標不用前員工設計的二流閃電商標現在館長選擇求新求變https://i.imgur.com/gD64jzN.jpgNS以後大家看到NS會想到館長嗎有沒有八卦？,https://www.ptt.cc//bbs/Gossiping/M.1683123515.A.D72.html
lagxp (◎▽◎),Re: [新聞] 館長電商「豬肉變和牛」？撞菲律賓肉商,Wed May  3 14:49:17 2023,這一看就知道是黨媒想黑館長館長就是太誠實 得罪黨就是這樣PTT也都是網軍 網軍PO文 新聞再抄 一起黑館長 產業一條龍這一定是底下白痴搞的 館長又不知道 在那黑館長根本沒意義再說這都標「參考」惹 幹你娘參考看不懂喔？一點小出包而已 哪像某個騙朋友的詐賭麻販 完全沒有誠信可言館長說冷凍食品才賺2% 現在是整天抓著老實生意人放大檢視嗎？不信的話今晚直播 信不信會跟我講ㄉ一樣 嘻嘻※ 引述《kmter5566 (giveme500)》之銘言：: 備註請放最後面 違者新聞文章刪除: 1.媒體來源:: TVBS: 2.記者署名:: 編輯 王芊歷 報導: 3.完整新聞標題:: 館長電商「豬肉變和牛」？撞菲律賓肉商宣傳照　網酸：最頂團隊: 4.完整新聞內文:: 館長陳之漢日前經營副業便當店「True飯」，因招牌便當「脆皮燒肉飯」售價過高、燒肉製: 作過程惹議，還不時與YouTuber Toyz隔空交火，成為近期討論度最高的網紅。有網友指出: ，館長電商平台宣傳照疑似出包，不僅以涮牛肉照當作冷凍豬肉的示意圖，使用的還是國外: 某家肉品批發商的照片，掀起網友熱議。: 一名網友透過PTT論壇發文，指控館長電商平台「NOTORIOUS惡名昭彰」使用錯誤宣傳照，包: 括冷凍食品區肉品，嚴選台灣豬梅花以及豬五花火鍋肉片。該名網友嘲諷，「質感太好了吧: ！豬肉拍出和牛的效果」，並強調儘管宣傳照下方有清楚寫下「圖片僅供參考，餐點以實物: 為準」標語，但仍十分荒謬，甚至兩種品項還使用一模一樣的圖。: 貼文曝光後，網友們紛紛留言，「製圖部厲害」、「還以為是霜降牛」、「那火鍋圖是牛肉: 吧」、「騙我沒吃過牛肉484」、「詐欺a」、「最頂的團隊」。事實上，經搜尋後發現，菲: 律賓肉品批發商「The Holy Gyu」早在2020年10月16日即在粉專分享此圖，而除了冷凍豬肉: 之外，電商平台在美國板腱牛以及雪花牛火鍋肉片也使用同一張照片。: 5.完整新聞連結: https://news.tvbs.com.tw/entertainment/2112656: 6.備註:: 最頂的美術團隊,https://www.ptt.cc//bbs/Gossiping/M.1683096559.A.EFC.html
leon131417 (),Re: [新聞] 館長電商出包？豬五花放「A5和牛照」菲律賓肉商IG竟有同,Wed May  3 14:17:53 2023,不是館粉但你想像一個情境一個默默為台灣做事的公眾人物他的商品用料都很頂又像個長輩一樣 天天陪大家聊天說社會事每個產品利潤其實都沒有很多 都回饋給粉絲又養四百個台灣員工 這樣就不曉得多少台灣人了又整天被眼紅的黑粉攻擊 造謠在這個情況下 你會不會支持他出的商品是不是 是不是聊天室老粉都懂說著說著我的眼淚又掉下來了嗚嗚嗚嗚※ 引述《gerychen (邪惡肥宅)》之銘言：: 我比較好奇: 什麼情況下會在館長電商買東西？: 以肥宅我自己來說: 要買一個東西一定是先google該產品: 然後google會篩出所有電商該產品的價格: 你甚至不用一個一個電商平台去搜尋: 就能瞬間完成網路比價了: 頂多你不放心，真的再去各個平台比價一次: 然後，在你比價完一輪之後: 肯定就會挑最划算的買吧: 結果卻在館長的電商平台買東西: 這是不是有什麼誤會？: 有8卦？-----Sent from JPTT on my iPhone,https://www.ptt.cc//bbs/Gossiping/M.1683094677.A.BA2.html
kmter5566 (giveme500),[新聞] 館長電商「豬肉變和牛」？撞菲律賓肉商,Wed May  3 13:29:55 2023,備註請放最後面 違者新聞文章刪除1.媒體來源:TVBS2.記者署名:編輯 王芊歷 報導3.完整新聞標題:館長電商「豬肉變和牛」？撞菲律賓肉商宣傳照　網酸：最頂團隊4.完整新聞內文:館長陳之漢日前經營副業便當店「True飯」，因招牌便當「脆皮燒肉飯」售價過高、燒肉製作過程惹議，還不時與YouTuber Toyz隔空交火，成為近期討論度最高的網紅。有網友指出，館長電商平台宣傳照疑似出包，不僅以涮牛肉照當作冷凍豬肉的示意圖，使用的還是國外某家肉品批發商的照片，掀起網友熱議。一名網友透過PTT論壇發文，指控館長電商平台「NOTORIOUS惡名昭彰」使用錯誤宣傳照，包括冷凍食品區肉品，嚴選台灣豬梅花以及豬五花火鍋肉片。該名網友嘲諷，「質感太好了吧！豬肉拍出和牛的效果」，並強調儘管宣傳照下方有清楚寫下「圖片僅供參考，餐點以實物為準」標語，但仍十分荒謬，甚至兩種品項還使用一模一樣的圖。貼文曝光後，網友們紛紛留言，「製圖部厲害」、「還以為是霜降牛」、「那火鍋圖是牛肉吧」、「騙我沒吃過牛肉484」、「詐欺a」、「最頂的團隊」。事實上，經搜尋後發現，菲律賓肉品批發商「The Holy Gyu」早在2020年10月16日即在粉專分享此圖，而除了冷凍豬肉之外，電商平台在美國板腱牛以及雪花牛火鍋肉片也使用同一張照片。5.完整新聞連結 https://news.tvbs.com.tw/entertainment/21126566.備註:最頂的美術團隊,https://www.ptt.cc//bbs/Gossiping/M.1683091797.A.EFD.html
gerychen (邪惡肥宅),Re: [新聞] 館長電商出包？豬五花放「A5和牛照」菲律賓肉商IG竟有同,Wed May  3 12:28:45 2023,我比較好奇什麼情況下會在館長電商買東西？以肥宅我自己來說要買一個東西一定是先google該產品然後google會篩出所有電商該產品的價格你甚至不用一個一個電商平台去搜尋就能瞬間完成網路比價了頂多你不放心，真的再去各個平台比價一次然後，在你比價完一輪之後肯定就會挑最划算的買吧結果卻在館長的電商平台買東西這是不是有什麼誤會？有8卦？,https://www.ptt.cc//bbs/Gossiping/M.1683088127.A.30B.html
songgood (ilovegoodgame),Re: [新聞] 館長電商出包？豬五花放「A5和牛照」菲律賓肉商IG竟有同,Wed May  3 12:17:55 2023,我覺得啦如果要做出特色做出品牌就是去廠商那邊拿樣品肉來拍拍完後再料理在拍在寫感想如果只是抓圖庫這不就是又少一個宣傳的機會了--https://i.imgur.com/t5F7Jy5.jpg哎呦 你臉紅了,https://www.ptt.cc//bbs/Gossiping/M.1683087478.A.3D2.html
andy199113 (誒嘿嘿嘿),Re: [新聞] 館長電商出包？豬五花放「A5和牛照」菲律賓肉商IG竟有同,Wed May  3 12:06:48 2023,※ 引述《kenny1300175 (蘇湖)》之銘言：: 網紅「館長」陳之漢自創的電商品牌「NOTORIOUS惡名昭彰」被網友發現，官網上的2項豬: 肉產品使用和牛照片，且該照片與菲律賓一間進口日本和牛的電商品牌所使用的照片竟是: 同一張。好了啦跟屏東圖庫女孩都用同個圖庫而已 別吵了Yakiniku Shabu & sukiyakihttps://www.shutterstock.com/zh/image-photo/yakiniku-shabu-sukiyaki-1112973998花錢買就有的東西，沒什麼吧館粉別吵了，就這麼簡單，最頂的圖庫照片商業用途花小錢買圖也很合理,https://www.ptt.cc//bbs/Gossiping/M.1683086812.A.E4C.html
kenny1300175 (蘇湖),[新聞] 館長電商出包？豬五花放「A5和牛照」菲律賓肉商IG竟有同一張,Wed May  3 09:13:39 2023,備註請放最後面 違者新聞文章刪除1.媒體來源: ETtoday※ 例如蘋果日報、自由時報（請參考版規下方的核准媒體名單）※ Yahoo、MSN、LINE等非直接官方新聞連結不被允許2.記者署名: 鄒鎮宇※ 若新聞沒有記者名字或編輯名字，請勿張貼，否則會被水桶14天※ 外電至少要有來源或編輯 如:法新社3.完整新聞標題: 館長電商出包？豬五花放「A5和牛照」菲律賓肉商IG竟有同一張※ 標題沒有完整寫出來 ---> 依照板規刪除文章4.完整新聞內文:網紅「館長」陳之漢自創的電商品牌「NOTORIOUS惡名昭彰」被網友發現，官網上的2項豬肉產品使用和牛照片，且該照片與菲律賓一間進口日本和牛的電商品牌所使用的照片竟是同一張。有網友日前在PTT發文表示，館長電商平台中的「台灣梅花豬」、「台灣豬五花」下方都接上同一張涮肉的照片，該照上方寫著「嚴選台灣上等豬肉」等，介紹肉品的部位、口感及料理方式。https://i.imgur.com/3ytrRiM.jpg▲▼館長的電商平台在豬肉商品中放上和牛照，引起網友討論。（圖／翻攝NOTORIOUS惡名昭彰）https://i.imgur.com/xxzfK2w.jpg然而，網友卻一眼就看出，這張「涮肉照」中的肉品是和牛，笑說「質感太好了吧，豬肉拍出和牛的效果。雖然寫了圖片僅供參考，以實物為準，但還是很猛八（吧）？連圖片都一樣，笑死」。網友看完紛紛留言，「製圖部厲害」、「最頂的團隊」、「最頂的」、「最後一張是豬肉？騙我沒吃過牛肉484」。據了解，「NOTORIOUS惡名昭彰」的網站上，並沒有和牛相關的商品，但美國牛肉相關產品、豬肉產品都放上同一張「涮肉照」進行說明。此外，根據圖片搜尋，「NOTORIOUS惡名昭彰」使用的「涮肉照」，與菲律賓一間販售日本和牛的肉品電商是同一張照片。而菲律賓電商的照片為2020年10月16日上傳。▼菲律賓肉品電商過去PO出的照片。（圖／翻攝The Holy Gyu臉書）https://i.imgur.com/j3w2s2v.jpg※ 社論特稿都不能貼！違者刪除（政治類水桶3個月)，貼廣告也會被刪除喔！可詳看版規5.完整新聞連結 (或短網址)不可用YAHOO、LINE、MSN等轉載媒體:https://www.ettoday.net/news/20230503/2491092.htm※ 當新聞連結過長時，需提供短網址方便網友點擊6.備註:※ 一個人一天只能張貼一則新聞(以天為單位)，被刪或自刪也算額度內，超貼者水桶，請注意※ 備註請勿張貼三日內新聞(包含連結、標題等)--最頂的豬肉，涮出和牛口感,https://www.ptt.cc//bbs/Gossiping/M.1683076421.A.8FD.html
adhere (Believe in Me),[新聞] 上班前先脫光！俄電商禁偷帶手機　員工遭「羞辱式」搜身,Tue Apr 25 20:35:51 2023,1.媒體來源:TVBS2.記者署名:陳妍如3.完整新聞標題:上班前先脫光！俄電商禁偷帶手機　員工遭「羞辱式」搜身4.完整新聞內文:有「俄羅斯版亞馬遜」之稱的線上零售商「Wildberries」近期被踢爆，旗下員工在上下班時竟然被迫全身脫光、只剩內衣接受「羞辱式檢查」，以確保員工不會攜帶違禁物品進出工作場所，相關影片也被臥底報導的記者曝光，引發譁然。《每日郵報》報導，「Wildberries」是俄羅斯最大的線上購物網站，旗下有超過4.8萬名員工。一段洩漏了公司內部「搜身制度」的影片顯示，員工們在每天早上上班、晚上下班離開時，都要在攝影機監控下接受一次全身脫光、僅剩下內衣的搜身檢查。據了解，外洩的影片攝於俄羅斯總統普欽的家鄉聖彼得堡，該電商稱進行全身檢查，是為了阻止倉庫員工攜帶手機、手錶進入工作場所，下班時的檢查則是為了打擊倉庫竊盜。雖然外洩的影片中，接受搜身的大都是女性，但俄國媒體《life.ru》擔任臥底的記者揭發「Wildberries」指出，男性員工也同樣要經過這樣的檢查，「我們的記者只在那裏工作了三天，但他將終身難忘。據他的調查，每個在倉庫工作的早晨，都是從這種羞辱性的過程開始的。」報導提到，「Wildberries」是由親普欽的寡頭、現年47歲的巴卡爾丘克（TatyanaBakalchuk）創辦經營，她曾是一名英語老師，且與克林姆林宮有密切關係；2022年，在俄羅斯因入侵烏克蘭而受到國際經濟制裁後，「Wildberries」成為重要的購物管道，還獲得了15億份訂單，營業額大幅增長。5.完整新聞連結 (或短網址)不可用YAHOO、LINE、MSN等轉載媒體:https://news.tvbs.com.tw/world/21058296.備註:好羨慕唷（X）好色唷（O）八卦肥宅們夢想的上班地點？--本村庄的正妹https://i.imgur.com/hnVlsuL.jpghttps://i.imgur.com/fh98pyq.pnghttps://i.imgur.com/d8VUkHr.jpghttps://i.imgur.com/OYnPY38.jpghttps://i.imgur.com/48K2fST.jpg,https://www.ptt.cc//bbs/Gossiping/M.1682426154.A.954.html
