published_time,search_terms,title,article,link
,momo,Mobile01 蘋果- Mobile01,,https://www.mobile01.com/category.php?id=15
,momo,Mobile01: 首頁,,https://www.mobile01.com/
,momo,分享實用好物！Foodsaver真空保鮮機- Mobile01,,https://www.mobile01.com/topicdetail.php?f=729&t=6794782
,momo,惠而浦vsPanasonic蒸烤爐選擇- Mobile01,,https://www.mobile01.com/topicdetail.php?f=729&t=6795004
,momo,小米手機- Mobile01,,https://www.mobile01.com/topiclist.php?f=634
,momo,沒遇過這麼差勁的安裝冷氣。要買冷氣的客人請小心。 (第2頁 ...,,https://www.mobile01.com/topicdetail.php?f=731&t=6794568&p=2
,momo,沒遇過這麼差勁的安裝冷氣。要買冷氣的客人請小心。 (第5頁 ...,,https://www.mobile01.com/topicdetail.php?f=731&t=6794568&p=5
,momo,長輩選購55吋電視一問- Mobile01,,https://www.mobile01.com/topicdetail.php?f=347&t=6794618
,momo,沒遇過這麼差勁的安裝冷氣。要買冷氣的客人請小心。 (第6頁 ...,,https://www.mobile01.com/topicdetail.php?f=731&t=6794568&p=6
,momo,沒遇過這麼差勁的安裝冷氣。要買冷氣的客人請小心。 - Mobile01,,https://www.mobile01.com/topicdetail.php?f=731&t=6794568
,momo,沒遇過這麼差勁的安裝冷氣。要買冷氣的客人請小心。 (第3頁 ...,,https://www.mobile01.com/topicdetail.php?f=731&t=6794568&p=3
,momo,50K預算想買4060筆電，求推薦- Mobile01,,https://www.mobile01.com/topicdetail.php?f=233&t=6793516
,momo,A80L vs A80K，規格差異不大實際看卻很有感(第2頁) - Mobile01,,https://www.mobile01.com/topicdetail.php?f=347&t=6793920&p=2
,momo,生活- Mobile01,,https://www.mobile01.com/forumtopic.php?c=25
,momo,臺灣大哥星399吃到飽送mo幣來了- Mobile01,,https://www.mobile01.com/topicdetail.php?f=18&t=6793940
,momo,[情報]【AOC】27型AG275QXR 2K IPS 粉紅螢幕顯示器8888 ...,,https://www.mobile01.com/topicdetail.php?f=350&t=6792688
,momo,5/25第一批預定Z8能拿到貨嗎？ (第3頁) - Mobile01,,https://www.mobile01.com/topicdetail.php?f=248&t=6789048&p=3
,momo,MOMO會儲存MOMO卡資料- Mobile01,,https://www.mobile01.com/topicdetail.php?f=801&t=6791423
,momo,Mobile01 居家- Mobile01,,https://www.mobile01.com/category.php?id=10
,momo,飛利浦輕柔多效音波震動牙刷小刷頭清潔更有效率- Mobile01,,https://www.mobile01.com/topicdetail.php?f=168&t=6789959
,momo,【詢問】新手建議去哪裡買(第2頁) - Mobile01,,https://www.mobile01.com/topicdetail.php?f=598&t=6621793&p=2
,momo,"(2022/4) 50歲生日禮買玩PS3+JVC 55L 小幸福,滿足(第4頁) - Mobile01",,https://www.mobile01.com/topicdetail.php?f=281&t=6567867&p=4
,momo,momo滿額登記秒殺疑問？ - Mobile01,,https://www.mobile01.com/topicdetail.php?f=744&t=6783532
,momo,還原MOMO百分百的自煮壽喜燒！ - Mobile01,,https://www.mobile01.com/topicdetail.php?f=602&t=6779551
,momo,小米13 256g 綠- Mobile01,,https://www.mobile01.com/marketcommodity.php?id=2209267
,momo,閒聊- Mobile01,,https://www.mobile01.com/forumtopic.php?c=35
,momo,閒聊與趣味- Mobile01,,https://www.mobile01.com/topiclist.php?f=37
,momo,在蝦皮買手機不愉快的經驗與反思(第8頁) - Mobile01,,https://www.mobile01.com/topicdetail.php?f=393&t=6765419&p=8
,momo,富邦MOMO卡- Mobile01,,https://www.mobile01.com/topicdetail.php?f=801&t=6775908
,momo,MoMo購買AirPods Pro2的保固期？ - Mobile01,,https://www.mobile01.com/topicdetail.php?f=177&t=6775229
,momo,求母親節蛋糕推薦- Mobile01,,https://www.mobile01.com/topicdetail.php?f=195&t=6770714
,momo,pchome線上購物怎麼退步這麼多? 天壤之別(第10頁) - Mobile01,,https://www.mobile01.com/topicdetail.php?f=396&t=6539125&p=10
,momo,AEON「Gather 商好載」試駕｜汽油版的它來了直接載好載滿！ (第8 ...,,https://www.mobile01.com/topicdetail.php?f=654&t=6759599&p=8
,momo,momo表現比pchome好？ - Mobile01,,https://www.mobile01.com/topicdetail.php?f=37&t=6761546
,momo,Pchome是不是要跌下神壇被momo取代了？ - Mobile01,,https://www.mobile01.com/topicdetail.php?f=37&t=6760814
,momo,現在momo安裝品質是否有改善？ - Mobile01,,https://www.mobile01.com/topicdetail.php?f=731&t=6756850
,momo,頂樓防水工程比較(第2頁) - Mobile01,,https://www.mobile01.com/topicdetail.php?f=472&t=5511425&p=2
,momo,美的冷氣之孤兒篇(第3頁) - Mobile01,,https://www.mobile01.com/topicdetail.php?f=731&t=6748854&p=3
,momo,換新求推薦，有人保護貼也有推不掉的氣泡嗎? (第2頁) - Mobile01,,https://www.mobile01.com/topicdetail.php?f=177&t=6732797&p=2
,momo,請推薦後背包- Mobile01,,https://www.mobile01.com/topicdetail.php?f=599&t=6750310
,momo,請問MOMO賣的SEAGATE Expansion 12TB 外接硬碟，內裝是哪一顆 ...,,https://www.mobile01.com/topicdetail.php?f=491&t=6747249
,momo,推薦Apple Watch錶帶(第2頁) - Mobile01,,https://www.mobile01.com/topicdetail.php?f=177&t=6737476&p=2
,momo,2萬上下筆電求推薦及sf314詢問(第2頁) - Mobile01,,https://www.mobile01.com/topicdetail.php?f=394&t=6727727&p=2
,momo,買pc或momo福利機可以嗎? - Mobile01,,https://www.mobile01.com/topicdetail.php?f=383&t=6730411
,momo,快速育兒好物分享（櫻花淨水器、純睿配方奶、抗菌型防踢被 ...,,https://www.mobile01.com/topicdetail.php?f=808&t=6729460
,momo,在momo買冷氣的慘痛教訓(第7頁) - Mobile01,,https://www.mobile01.com/topicdetail.php?f=731&t=6728041&p=7
,momo,請問適馬濾鏡有沒有假貨？？？ - Mobile01,,https://www.mobile01.com/topicdetail.php?f=253&t=6723633
,momo,在MOMO上購物，這算是廣告不實，還是廣告詐騙，又或者是我誤會 ...,,https://www.mobile01.com/topicdetail.php?f=37&t=6720803
,momo,MOMO買iPad Air的送貨速度讓人無言... - Mobile01,,https://www.mobile01.com/topicdetail.php?f=563&t=3715337
,momo,請問MOMO幣可以折抵台哥大的帳單嗎？ - Mobile01,,https://www.mobile01.com/topicdetail.php?f=18&t=6714897
,momo,好物分享，Dynabook Portege X50W-J (心得分享) (第2頁) - Mobile01,,https://www.mobile01.com/topicdetail.php?f=243&t=6573945&p=2
,momo,中友百貨彰化館投資加碼到43億元並長高到25樓完成用地和地上物點 ...,,https://www.mobile01.com/topicdetail.php?f=462&t=6654237&p=2
,momo,換內褲囉! - Mobile01,,https://www.mobile01.com/topicdetail.php?f=373&t=6708876
,momo,Momo已扣款沒收到貨. - Mobile01,,https://www.mobile01.com/topicdetail.php?f=37&t=6708867
,momo,不是大家都說MOMO多棒又多棒?? - Mobile01,,https://www.mobile01.com/topicdetail.php?f=37&t=6698575
,momo,在momo買冷氣的爭議請教- Mobile01,,https://www.mobile01.com/topicdetail.php?f=731&t=6696416
,momo,[請益]請問MOMO買跟蝦皮買差別在哪裡? - Mobile01,,https://www.mobile01.com/topicdetail.php?f=375&t=6695192
,momo,[請益]請問MOMO買跟蝦皮買差別在哪裡? (第3頁) - Mobile01,,https://www.mobile01.com/topicdetail.php?f=375&t=6695192&p=3
,momo,#徵隊友雙11 momo組隊(第19頁) - Mobile01,,https://www.mobile01.com/topicdetail.php?f=37&t=6688033&p=19
,momo,#徵隊友雙11 momo組隊(第9頁) - Mobile01,,https://www.mobile01.com/topicdetail.php?f=37&t=6688033&p=9
,momo,#徵隊友雙11 momo組隊(第10頁) - Mobile01,,https://www.mobile01.com/topicdetail.php?f=37&t=6688033&p=10
,momo,#徵隊友雙11 momo組隊(第14頁) - Mobile01,,https://www.mobile01.com/topicdetail.php?f=37&t=6688033&p=14
,momo,#徵隊友雙11 momo組隊(第17頁) - Mobile01,,https://www.mobile01.com/topicdetail.php?f=37&t=6688033&p=17
,momo,#徵隊友雙11 momo組隊(第18頁) - Mobile01,,https://www.mobile01.com/topicdetail.php?f=37&t=6688033&p=18
,momo,【畫質至上】NEXTBASE A262W 2K*60fps 行車記錄器(第7頁 ...,,https://www.mobile01.com/topicdetail.php?f=621&t=6612216&p=7
,momo,#徵隊友雙11 momo組隊(第12頁) - Mobile01,,https://www.mobile01.com/topicdetail.php?f=37&t=6688033&p=12
,momo,#徵隊友雙11 momo組隊(第13頁) - Mobile01,,https://www.mobile01.com/topicdetail.php?f=37&t=6688033&p=13
,momo,#徵隊友雙11 momo組隊(第11頁) - Mobile01,,https://www.mobile01.com/topicdetail.php?f=37&t=6688033&p=11
,momo,真的是momo？還是詐騙？ - Mobile01,,https://www.mobile01.com/topicdetail.php?f=37&t=6692834
,momo,#徵隊友雙11 momo組隊(第5頁) - Mobile01,,https://www.mobile01.com/topicdetail.php?f=37&t=6688033&p=5
,momo,在momo 和蝦皮上買pixel安全嗎(第3頁) - Mobile01,,https://www.mobile01.com/topicdetail.php?f=565&t=6686794&p=3
,momo,#徵隊友雙11 momo組隊- Mobile01,,https://www.mobile01.com/topicdetail.php?f=37&t=6688033
,momo,在momo 和蝦皮上買pixel安全嗎- Mobile01,,https://www.mobile01.com/topicdetail.php?f=565&t=6686794
,momo,明天凌晨Momo好像有一批14pro釋出- Mobile01,,https://www.mobile01.com/topicdetail.php?f=383&t=6674498
,momo,MOMO買冷氣，(空趟費)有付費經驗的請進。 - Mobile01,,https://www.mobile01.com/topicdetail.php?f=731&t=6670155
,momo,#分期問題有人使用過momo的無卡分期嗎? - Mobile01,,https://www.mobile01.com/topicdetail.php?f=400&t=6666815
,momo,我也來分享一下momo的購物經驗- Mobile01,,https://www.mobile01.com/topicdetail.php?f=744&t=6649098
,momo,糟糕的購買體驗@ MOMO購物網- Mobile01,,https://www.mobile01.com/topicdetail.php?f=744&t=6646278
,momo,【YC開箱<任天堂Switch Type C Hub轉接器>】完美取代笨重底座/快 ...,,https://www.mobile01.com/topicdetail.php?f=740&t=6561472&p=2
,momo,冷氣是不是真的不能在momo買(第3頁) - Mobile01,,https://www.mobile01.com/topicdetail.php?f=731&t=6631088&p=3
,momo,momo買iphone福利機問題(第2頁) - Mobile01,,https://www.mobile01.com/topicdetail.php?f=383&t=6630114&p=2
,momo,momo買iphone福利機問題- Mobile01,,https://www.mobile01.com/topicdetail.php?f=383&t=6630114
,momo,在momo買冷氣的教訓(第9頁) - Mobile01,,https://www.mobile01.com/topicdetail.php?f=731&t=6628947&p=9
,momo,在momo買冷氣的教訓(第8頁) - Mobile01,,https://www.mobile01.com/topicdetail.php?f=731&t=6628947&p=8
,momo,在momo買冷氣的教訓- Mobile01,,https://www.mobile01.com/topicdetail.php?f=731&t=6628947
,momo,"在momo買的小米11T, 保固維修問題。 (第2頁) - Mobile01",,https://www.mobile01.com/topicdetail.php?f=634&t=6622475&p=2
,momo,今天才知道MOMO的24小時到貨是這樣算- Mobile01,,https://www.mobile01.com/topicdetail.php?f=37&t=6621376
,momo,勸千萬別再MOMO買冷氣享受VIP天貼心安裝(桃園) - Mobile01,,https://www.mobile01.com/topicdetail.php?f=731&t=6619946
,momo,請問momo DIY電腦- Mobile01,,https://www.mobile01.com/topicdetail.php?f=174&t=6611173
,momo,在Momo 買冷氣安裝品質極差! 三思~ - Mobile01,,https://www.mobile01.com/topicdetail.php?f=731&t=6609158
,momo,618 momo組隊- Mobile01,,https://www.mobile01.com/topicdetail.php?f=37&t=6607373
,momo,momo 618 組隊送3% 快加入我的隊伍一起拿回饋- Mobile01,,https://www.mobile01.com/topicdetail.php?f=37&t=6606678
,momo,網購比較常用momo還是蝦皮- Mobile01,,https://www.mobile01.com/topicdetail.php?f=37&t=6604699
,momo,MOMO買冷氣(不推)~與日立原廠服務(大推)分享- Mobile01,,https://www.mobile01.com/topicdetail.php?f=731&t=6602249
,momo,台南新永安網路僅連不上momo購物？ - Mobile01,,https://www.mobile01.com/topicdetail.php?f=507&t=6594138
,momo,千萬不要在MOMO購物網購買空調冷氣，日立冷暖一對一，凍結洗淨 ...,,https://www.mobile01.com/topicdetail.php?f=731&t=6593121
,momo,有人pchome momo yahoo這類購物平台買冷氣嗎？ - Mobile01,,https://www.mobile01.com/topicdetail.php?f=731&t=6583501
,momo,在momo買比在pchome還便宜耶! - Mobile01,,https://www.mobile01.com/topicdetail.php?f=291&t=6574840
,momo,"在momo 買Galaxy S22 Ultra 5G, 退貨檢查14天後,才檢查通過 ...",,https://www.mobile01.com/topicdetail.php?f=568&t=6572722
,momo,momo被爆買冷氣送「搞笑安裝」銅管懸空走捷徑- Mobile01,,https://www.mobile01.com/topicdetail.php?f=731&t=6571149
